-- MySQL dump 10.11
--
-- Host: localhost    Database: smileglobal
-- ------------------------------------------------------
-- Server version	5.0.77

/*!40101 SET @OLD_CHARACTER_SET_CLIENT=@@CHARACTER_SET_CLIENT */;
/*!40101 SET @OLD_CHARACTER_SET_RESULTS=@@CHARACTER_SET_RESULTS */;
/*!40101 SET @OLD_COLLATION_CONNECTION=@@COLLATION_CONNECTION */;
/*!40101 SET NAMES UTF8 */;
/*!40103 SET @OLD_TIME_ZONE=@@TIME_ZONE */;
/*!40103 SET TIME_ZONE='+00:00' */;
/*!40014 SET @OLD_UNIQUE_CHECKS=@@UNIQUE_CHECKS, UNIQUE_CHECKS=0 */;
/*!40014 SET @OLD_FOREIGN_KEY_CHECKS=@@FOREIGN_KEY_CHECKS, FOREIGN_KEY_CHECKS=0 */;
/*!40101 SET @OLD_SQL_MODE=@@SQL_MODE, SQL_MODE='NO_AUTO_VALUE_ON_ZERO' */;
/*!40111 SET @OLD_SQL_NOTES=@@SQL_NOTES, SQL_NOTES=0 */;

--
-- Table structure for table `Address`
--

DROP TABLE IF EXISTS `Address`;
SET @saved_cs_client     = @@character_set_client;
SET character_set_client = utf8;
CREATE TABLE `Address` (
  `id` int(10) unsigned NOT NULL auto_increment,
  `street` varchar(255) default NULL,
  `city` varchar(255) default NULL,
  `region` varchar(255) default NULL,
  `country_id` smallint(5) unsigned default NULL,
  `postalCode` varchar(25) default NULL,
  PRIMARY KEY  (`id`)
) ENGINE=MyISAM AUTO_INCREMENT=374 DEFAULT CHARSET=utf8;
SET character_set_client = @saved_cs_client;

--
-- Dumping data for table `Address`
--

LOCK TABLES `Address` WRITE;
/*!40000 ALTER TABLE `Address` DISABLE KEYS */;
INSERT INTO `Address` VALUES (2,'','','',240,''),(4,'','Stanford','CA',240,''),(6,'','','',240,''),(8,'','','',240,''),(11,'','','',240,''),(13,'','','',240,''),(19,'','','',240,''),(21,'','','',240,''),(23,'','','',240,''),(25,'','','',240,''),(27,'','','',240,''),(29,'','','',240,''),(31,'','','',240,''),(33,'','','',240,''),(35,'','','',240,''),(37,'','','',240,''),(39,'','','',240,''),(41,'','','',240,''),(43,'','','',240,''),(45,'','','',240,''),(47,'','','',240,''),(49,'','','',240,''),(51,'Sukhumvit ','Prakanong','Bangkok',224,'10260'),(53,'','','',240,''),(59,'6364 Starr Rd','Windsor','CA',240,'95492'),(60,'485 Lasuen Mall','Stanford','CA',240,'94305'),(62,'','','',240,''),(64,'','','',240,''),(67,'','','',240,''),(70,'','Bangkok','',240,''),(72,'','Bangkok','',224,''),(74,'','Nakhom Pathom','',224,'73000'),(76,'','','',240,''),(78,'Galvez','Palo Alto','CA',240,'94304'),(81,'','','',240,''),(83,'','','',224,''),(85,'Bangna-Trad','Bangkok','',224,'10540'),(87,'','Bangkok','',224,'10160'),(89,'','','',224,''),(91,'Sirinthon','Bangkok','',224,'10700'),(93,'','Bangkok','',224,'10120'),(95,'','','',224,''),(97,'Ladprao','Bangkok','Bangkok',224,'10310'),(99,'','','',240,''),(101,'Krung Kasem','Bangkok','-',224,'10200'),(103,'Ramkhamhang','Bangkok','',224,'10240'),(105,'','','',224,''),(107,'Feungnakorn','Bangkok','Bangkok',224,'10200'),(109,'','','',224,'10240'),(111,'','','',240,''),(113,'','','',224,''),(115,'','','',224,'10600'),(117,'','','',224,''),(119,'','','',240,''),(121,'20 Phra Sumen','Bangkok','Bangkok',224,'10200'),(123,'Srinakarin','Nhongbon, Pravet','Bangkok',224,'10250'),(125,'','','',240,''),(127,'','','',224,''),(129,'Krung Thonburi','Bangkok','',240,'10600'),(131,'','','',240,''),(133,'','','',240,''),(135,'','','',240,''),(137,'Luang','Bangkok','',224,'10100'),(140,'dd','or','ca',240,'94563'),(178,'voluntarios de sorocaba','sorocaba','SP',34,'18035290'),(180,'','','',34,''),(182,'','','',240,''),(184,'9605 E Caley Cir','Englewood','CO',240,'80111'),(186,'','','',240,''),(188,'','','',34,''),(190,'','','',34,''),(192,'','','',NULL,''),(194,'','','',240,''),(196,'','','',240,''),(198,'','','',240,''),(200,'avenida macuco, 586 apto 101','sao paulo','sp',34,'04523001'),(202,'','','',240,''),(204,'','','',34,''),(206,'Rua Tupi, 594','Sao Paulo','SP',34,'01233000'),(208,'','','',34,'06794040'),(210,'r joao wagner wey 1651','sorocaba','sp',34,'18046695'),(212,'Rua Itajai, 125 bl2 ap112','Sao Paulo','SP',34,'03162060'),(214,'Filadelfia, 225','Sorocaba','SAO PAULO',34,'18047290'),(216,'fortunato lyra jr, 48','sao paulo','SP',NULL,'05353110'),(218,'Rua Iliria, 184 apart 12','Sao Paulo','Sao Paulo',34,'04284060'),(220,'','','',240,''),(222,'','sao paulo','sao paulo',34,''),(224,'5511994501706','','',242,''),(226,'','','',240,''),(234,'','','',240,''),(236,'','','',34,''),(238,'3718 Lenten Rose','San Antonio','Texas',240,'78259'),(240,'','','',240,''),(242,'964 North California Avenue','Palo Alto','California',240,'94303'),(244,'','','',240,''),(249,'','','',224,''),(251,'97/10 Soi Areesamphan 1','Phayathai Bangkok','',224,'10400'),(255,'Jasmine St. Luzviminda Village Ma-a','Davao City','',180,'8000'),(257,'','','',240,''),(259,'','','',240,''),(261,'','','',240,''),(263,'','','',240,''),(265,'','','',240,''),(267,'','','',240,''),(269,'','','',240,''),(271,'','Palo Alto','CA',240,''),(273,'','Palo Alto','California',240,'94303'),(275,'','','',240,''),(278,'Newell 1725','Palo Alto ','Calfornia',240,''),(280,'','','',240,''),(282,'','','',240,''),(284,'','','',240,''),(286,'','','',240,''),(289,'847 Bruce Drive','Palo Alto','California',240,'94303'),(291,'','','',240,''),(297,'','','',240,''),(299,'','','',240,''),(301,'','','',240,''),(303,'','','',240,''),(305,'','','',240,''),(307,'','','',240,''),(309,'','','',240,''),(311,'','','',240,''),(313,'','','',240,''),(315,'','','',240,''),(317,'','','',240,''),(319,'','','',240,''),(321,'','','',240,''),(322,'','','',240,''),(323,'','','',240,''),(324,'','','',240,''),(325,'','Hangzhou','Zhejiang Province',48,''),(326,'','','',240,''),(327,'','','',240,''),(328,'','','',240,''),(329,'','','',240,''),(330,'','','',240,''),(331,'','','',240,''),(332,'','','',240,''),(333,'','','',240,''),(334,'','','',240,''),(335,'','','',240,''),(336,'','','',240,''),(337,'','','',240,''),(338,'','','',240,''),(339,'','','',240,''),(340,'','','',240,''),(341,'','','',240,''),(342,'','','',240,''),(343,'','','',240,''),(344,'','','',240,''),(345,'','','',240,''),(346,'','','',240,''),(347,'','','',240,''),(348,'','','',240,''),(349,'JieYuanDao','TianJin','TianJin',48,'300121'),(350,'','','',240,''),(351,'1220 Concession 7','Uxbridge','Ontario',42,'L9P 1R4'),(352,'','','',240,''),(353,'','','',240,''),(354,'','','',240,''),(355,'','','',240,''),(356,'','','',240,''),(357,'','','',240,''),(358,'','','',240,''),(359,'','','',240,''),(360,'','','',240,''),(361,'','','',240,''),(362,'','','',240,''),(363,'','','',240,''),(364,'','','',240,''),(365,'','','',240,''),(366,'','','',240,''),(367,'','','',240,''),(368,'','','',240,''),(369,'','','',240,''),(370,'','','',240,''),(371,'','','',240,''),(372,'','','',240,''),(373,'','','',240,'');
/*!40000 ALTER TABLE `Address` ENABLE KEYS */;
UNLOCK TABLES;

--
-- Table structure for table `Admin`
--

DROP TABLE IF EXISTS `Admin`;
SET @saved_cs_client     = @@character_set_client;
SET character_set_client = utf8;
CREATE TABLE `Admin` (
  `id` int(11) unsigned NOT NULL auto_increment,
  `username` varchar(255) NOT NULL,
  `password` blob NOT NULL,
  `email` varchar(255) default '',
  `firstName` varchar(255) default '',
  `lastName` varchar(255) default '',
  `phone` varchar(20) default '',
  PRIMARY KEY  (`id`),
  UNIQUE KEY `username` (`username`)
) ENGINE=MyISAM DEFAULT CHARSET=utf8;
SET character_set_client = @saved_cs_client;

--
-- Dumping data for table `Admin`
--

LOCK TABLES `Admin` WRITE;
/*!40000 ALTER TABLE `Admin` DISABLE KEYS */;
/*!40000 ALTER TABLE `Admin` ENABLE KEYS */;
UNLOCK TABLES;

--
-- Table structure for table `Badge`
--

DROP TABLE IF EXISTS `Badge`;
SET @saved_cs_client     = @@character_set_client;
SET character_set_client = utf8;
CREATE TABLE `Badge` (
  `id` int(10) unsigned NOT NULL auto_increment,
  `title` varchar(255) default '',
  `image` varchar(255) default '',
  `questionCreated` int(10) unsigned NOT NULL default '0',
  `questionAnswered` int(10) unsigned NOT NULL default '0',
  `sessions` int(10) unsigned NOT NULL default '0',
  `comments` int(10) unsigned NOT NULL default '0',
  `qMedia` int(10) unsigned NOT NULL default '0',
  `createdTag` varchar(255) default '',
  `groupCreated` int(10) unsigned NOT NULL default '0',
  `correctAnswer` int(10) unsigned NOT NULL default '0',
  `avgRatingQ` int(10) unsigned NOT NULL default '0',
  PRIMARY KEY  (`id`)
) ENGINE=MyISAM AUTO_INCREMENT=15 DEFAULT CHARSET=utf8;
SET character_set_client = @saved_cs_client;

--
-- Dumping data for table `Badge`
--

LOCK TABLES `Badge` WRITE;
/*!40000 ALTER TABLE `Badge` DISABLE KEYS */;
INSERT INTO `Badge` VALUES (1,'Smooth Talker','badges/ink.png',0,0,0,20,0,'',0,0,0),(2,'Gettin\' Around','badges/people.png',0,0,5,0,0,'',0,0,0),(3,'Commentator','badges/bubble.png',0,0,0,5,0,'',0,0,0),(4,'Commentator Pro','badges/bubble.png',0,0,0,25,0,'',0,0,0),(5,'On The Mark','badges/pen.png',0,0,0,0,0,'',0,20,0),(6,'Organizer','badges/apple.png',0,0,0,0,0,'',1,0,0),(7,'Scientist','badges/science.png',0,0,0,0,0,'science;5',0,0,0),(8,'Mathematician','badges/math.png',0,0,0,0,0,'math;5',0,0,0),(9,'Historian','badges/history.png',0,0,0,0,0,'history;5',0,0,0),(10,'Hero','badges/trophy.png',20,20,0,0,0,'',0,0,0),(11,'Media','badges/pallete.png',0,0,0,0,1,'',0,0,0),(12,'Creator','badges/question.png',0,10,0,0,0,'',0,0,0),(13,'Answers','badges/pad.png',0,0,15,0,0,'',0,0,0),(14,'Super-star','badges/star.png',0,0,30,0,0,'',0,0,5);
/*!40000 ALTER TABLE `Badge` ENABLE KEYS */;
UNLOCK TABLES;

--
-- Table structure for table `Country`
--

DROP TABLE IF EXISTS `Country`;
SET @saved_cs_client     = @@character_set_client;
SET character_set_client = utf8;
CREATE TABLE `Country` (
  `id` smallint(5) unsigned NOT NULL,
  `name` varchar(255) NOT NULL,
  `iso2` varchar(2) default NULL,
  `iso3` varchar(3) default NULL,
  PRIMARY KEY  (`id`)
) ENGINE=MyISAM DEFAULT CHARSET=utf8;
SET character_set_client = @saved_cs_client;

--
-- Dumping data for table `Country`
--

LOCK TABLES `Country` WRITE;
/*!40000 ALTER TABLE `Country` DISABLE KEYS */;
INSERT INTO `Country` VALUES (2,'Afghanistan',NULL,NULL),(4,'Albania',NULL,NULL),(5,'Algeria',NULL,NULL),(7,'Andorra',NULL,NULL),(8,'Angola',NULL,NULL),(11,'Antigua and Barbuda',NULL,NULL),(12,'Argentina',NULL,NULL),(13,'Armenia',NULL,NULL),(15,'Australia',NULL,NULL),(16,'Austria',NULL,NULL),(17,'Azerbaijan',NULL,NULL),(18,'Bahamas',NULL,NULL),(21,'Bahrain',NULL,NULL),(22,'Bangladesh',NULL,NULL),(23,'Barbados',NULL,NULL),(24,'Belarus',NULL,NULL),(25,'Belgium',NULL,NULL),(26,'Belize',NULL,NULL),(27,'Benin',NULL,NULL),(28,'Bermuda',NULL,NULL),(29,'Bhutan',NULL,NULL),(30,'Bolivia',NULL,NULL),(700,'Bonaire',NULL,NULL),(31,'Bosnia and Herzegovina',NULL,NULL),(32,'Botswana',NULL,NULL),(34,'Brazil',NULL,NULL),(36,'Brunei Darussalam',NULL,NULL),(37,'Bulgaria',NULL,NULL),(38,'Burkina Faso',NULL,NULL),(39,'Burundi',NULL,NULL),(40,'Cambodia',NULL,NULL),(41,'Cameroon',NULL,NULL),(42,'Canada',NULL,NULL),(43,'Cape Verde',NULL,NULL),(44,'Cayman Islands',NULL,NULL),(45,'Central African Republic',NULL,NULL),(46,'Chad',NULL,NULL),(47,'Chile',NULL,NULL),(48,'China',NULL,NULL),(51,'Colombia',NULL,NULL),(52,'Comoros',NULL,NULL),(53,'Congo',NULL,NULL),(54,'Congo, The Democratic Republic Of The',NULL,NULL),(56,'Costa Rica',NULL,NULL),(58,'Croatia',NULL,NULL),(59,'Cuba',NULL,NULL),(60,'Cyprus',NULL,NULL),(61,'Czech Republic',NULL,NULL),(57,'CÃ´te DIvoire',NULL,NULL),(62,'Denmark',NULL,NULL),(63,'Djibouti',NULL,NULL),(64,'Dominica',NULL,NULL),(65,'Dominican Republic',NULL,NULL),(66,'Ecuador',NULL,NULL),(67,'Egypt',NULL,NULL),(68,'El Salvador',NULL,NULL),(69,'Equatorial Guinea',NULL,NULL),(70,'Eritrea',NULL,NULL),(71,'Estonia',NULL,NULL),(73,'Ethiopia',NULL,NULL),(76,'Fiji',NULL,NULL),(77,'Finland',NULL,NULL),(78,'France',NULL,NULL),(82,'French Southern Territories',NULL,NULL),(83,'Gabon',NULL,NULL),(84,'Gambia',NULL,NULL),(1,'Georgia',NULL,NULL),(85,'Germany',NULL,NULL),(86,'Ghana',NULL,NULL),(88,'Greece',NULL,NULL),(89,'Greenland',NULL,NULL),(90,'Grenada',NULL,NULL),(93,'Guatemala',NULL,NULL),(95,'Guinea',NULL,NULL),(96,'Guinea-Bissau',NULL,NULL),(97,'Guyana',NULL,NULL),(98,'Haiti',NULL,NULL),(101,'Honduras',NULL,NULL),(103,'Hungary',NULL,NULL),(104,'Iceland',NULL,NULL),(105,'India',NULL,NULL),(106,'Indonesia',NULL,NULL),(107,'Iran, Islamic Republic Of',NULL,NULL),(108,'Iraq',NULL,NULL),(109,'Ireland',NULL,NULL),(111,'Israel',NULL,NULL),(112,'Italy',NULL,NULL),(113,'Jamaica',NULL,NULL),(114,'Japan',NULL,NULL),(116,'Jordan',NULL,NULL),(117,'Kazakhstan',NULL,NULL),(118,'Kenya',NULL,NULL),(119,'Kiribati',NULL,NULL),(121,'Korea, Democratic People\'s Republic Of',NULL,NULL),(120,'Korea, Republic of',NULL,NULL),(122,'Kuwait',NULL,NULL),(123,'Kyrgyzstan',NULL,NULL),(124,'Lao People\'s Democratic Republic',NULL,NULL),(125,'Latvia',NULL,NULL),(126,'Lebanon',NULL,NULL),(127,'Lesotho',NULL,NULL),(128,'Liberia',NULL,NULL),(129,'Libya',NULL,NULL),(130,'Liechtenstein',NULL,NULL),(131,'Lithuania',NULL,NULL),(132,'Luxembourg',NULL,NULL),(133,'Macao',NULL,NULL),(134,'Macedonia, the Former Yugoslav Republic Of',NULL,NULL),(135,'Madagascar',NULL,NULL),(136,'Malawi',NULL,NULL),(137,'Malaysia',NULL,NULL),(138,'Maldives',NULL,NULL),(139,'Mali',NULL,NULL),(140,'Malta',NULL,NULL),(141,'Marshall Islands',NULL,NULL),(143,'Mauritania',NULL,NULL),(144,'Mauritius',NULL,NULL),(146,'Mexico',NULL,NULL),(147,'Micronesia, Federated States Of',NULL,NULL),(148,'Moldova, Republic of',NULL,NULL),(149,'Monaco',NULL,NULL),(150,'Mongolia',NULL,NULL),(151,'Montenegro',NULL,NULL),(153,'Morocco',NULL,NULL),(154,'Mozambique',NULL,NULL),(155,'Myanmar',NULL,NULL),(156,'Namibia',NULL,NULL),(157,'Nauru',NULL,NULL),(158,'Nepal',NULL,NULL),(159,'Netherlands',NULL,NULL),(162,'New Zealand',NULL,NULL),(163,'Nicaragua',NULL,NULL),(164,'Niger',NULL,NULL),(165,'Nigeria',NULL,NULL),(169,'Norway',NULL,NULL),(170,'Oman',NULL,NULL),(171,'Pakistan',NULL,NULL),(172,'Palau',NULL,NULL),(173,'Palestinian Territory',NULL,NULL),(175,'Panama',NULL,NULL),(176,'Papua New Guinea',NULL,NULL),(177,'Paraguay',NULL,NULL),(178,'Peru',NULL,NULL),(180,'Philippines',NULL,NULL),(183,'Poland',NULL,NULL),(184,'Portugal',NULL,NULL),(186,'Qatar',NULL,NULL),(189,'Romania',NULL,NULL),(190,'Russian Federation',NULL,NULL),(191,'Rwanda',NULL,NULL),(192,'Saint Helena',NULL,NULL),(193,'Saint Kitts And Nevis',NULL,NULL),(195,'Saint Vincent And The Grenadines',NULL,NULL),(196,'Samoa',NULL,NULL),(197,'San Marino',NULL,NULL),(198,'Sao Tome and Principe',NULL,NULL),(199,'Saudi Arabia',NULL,NULL),(200,'Senegal',NULL,NULL),(201,'Serbia',NULL,NULL),(202,'Seychelles',NULL,NULL),(203,'Sierra Leone',NULL,NULL),(205,'Singapore',NULL,NULL),(206,'Slovakia',NULL,NULL),(207,'Slovenia',NULL,NULL),(208,'Solomon Islands',NULL,NULL),(209,'Somalia',NULL,NULL),(210,'South Africa',NULL,NULL),(703,'South Sudan',NULL,NULL),(212,'Spain',NULL,NULL),(213,'Sri Lanka',NULL,NULL),(214,'Sudan',NULL,NULL),(215,'Suriname',NULL,NULL),(217,'Swaziland',NULL,NULL),(218,'Sweden',NULL,NULL),(219,'Switzerland',NULL,NULL),(220,'Syrian Arab Republic',NULL,NULL),(221,'Taiwan',NULL,NULL),(222,'Tajikistan',NULL,NULL),(223,'Tanzania',NULL,NULL),(224,'Thailand',NULL,NULL),(226,'Timor-Leste',NULL,NULL),(227,'Togo',NULL,NULL),(229,'Tonga',NULL,NULL),(230,'Trinidad and Tobago',NULL,NULL),(231,'Tunisia',NULL,NULL),(232,'Turkey',NULL,NULL),(233,'Turkmenistan',NULL,NULL),(235,'Tuvalu',NULL,NULL),(236,'Uganda',NULL,NULL),(237,'Ukraine',NULL,NULL),(238,'United Arab Emirates',NULL,NULL),(239,'United Kingdom',NULL,NULL),(240,'United States',NULL,NULL),(241,'United States Minor Outlying Islands',NULL,NULL),(242,'Uruguay',NULL,NULL),(243,'Uzbekistan',NULL,NULL),(244,'Vanuatu',NULL,NULL),(245,'Venezuela, Bolivarian Republic of',NULL,NULL),(247,'Viet Nam',NULL,NULL),(251,'Western Sahara',NULL,NULL),(252,'Yemen',NULL,NULL),(255,'Zambia',NULL,NULL),(256,'Zimbabwe',NULL,NULL);
/*!40000 ALTER TABLE `Country` ENABLE KEYS */;
UNLOCK TABLES;

--
-- Table structure for table `Evite`
--

DROP TABLE IF EXISTS `Evite`;
SET @saved_cs_client     = @@character_set_client;
SET character_set_client = utf8;
CREATE TABLE `Evite` (
  `id` int(10) unsigned NOT NULL auto_increment,
  `user_id` int(10) unsigned NOT NULL,
  `group_id` int(10) unsigned NOT NULL,
  `token` varchar(50) NOT NULL,
  `invitedOn` datetime default NULL,
  PRIMARY KEY  (`id`)
) ENGINE=MyISAM AUTO_INCREMENT=68 DEFAULT CHARSET=utf8;
SET character_set_client = @saved_cs_client;

--
-- Dumping data for table `Evite`
--

LOCK TABLES `Evite` WRITE;
/*!40000 ALTER TABLE `Evite` DISABLE KEYS */;
INSERT INTO `Evite` VALUES (59,2,12,'OK0TH75220CH','2013-03-20 10:25:13'),(60,33,12,'EDBKU960W9VP','2013-03-20 10:25:13'),(61,5,19,'OMN3F6B3WHW8','2013-04-09 09:25:00'),(62,115,21,'YX9POI9XDQE5','2013-04-11 14:20:31'),(63,183,25,'VQ8BMVYJ233I','2013-04-14 14:44:55'),(65,184,26,'G3SU0VI58008','2013-04-15 18:04:42'),(66,185,26,'V8DLEYTABVFB','2013-04-15 18:07:02'),(19,0,8,'QV0HQMER1VRA','2013-03-11 01:28:08'),(56,29,10,'1GKH73T9N5SA','2013-03-14 05:12:37'),(58,5,12,'VS057VULYKBR','2013-03-20 10:25:13');
/*!40000 ALTER TABLE `Evite` ENABLE KEYS */;
UNLOCK TABLES;

--
-- Table structure for table `GroupOrganizer`
--

DROP TABLE IF EXISTS `GroupOrganizer`;
SET @saved_cs_client     = @@character_set_client;
SET character_set_client = utf8;
CREATE TABLE `GroupOrganizer` (
  `user_id` int(10) unsigned NOT NULL,
  `group_id` int(10) unsigned NOT NULL,
  PRIMARY KEY  (`user_id`,`group_id`)
) ENGINE=MyISAM DEFAULT CHARSET=utf8;
SET character_set_client = @saved_cs_client;

--
-- Dumping data for table `GroupOrganizer`
--

LOCK TABLES `GroupOrganizer` WRITE;
/*!40000 ALTER TABLE `GroupOrganizer` DISABLE KEYS */;
INSERT INTO `GroupOrganizer` VALUES (1,1),(1,6),(1,13),(5,1),(5,6),(5,22),(22,1),(65,13);
/*!40000 ALTER TABLE `GroupOrganizer` ENABLE KEYS */;
UNLOCK TABLES;

--
-- Table structure for table `GroupTable`
--

DROP TABLE IF EXISTS `GroupTable`;
SET @saved_cs_client     = @@character_set_client;
SET character_set_client = utf8;
CREATE TABLE `GroupTable` (
  `id` int(10) unsigned NOT NULL auto_increment,
  `organization_id` int(10) unsigned default NULL,
  `name` varchar(255) NOT NULL,
  `passcode` varchar(50) NOT NULL,
  `organizer_id` int(10) unsigned NOT NULL,
  `createdOn` datetime default NULL,
  PRIMARY KEY  (`id`)
) ENGINE=MyISAM AUTO_INCREMENT=27 DEFAULT CHARSET=utf8;
SET character_set_client = @saved_cs_client;

--
-- Dumping data for table `GroupTable`
--

LOCK TABLES `GroupTable` WRITE;
/*!40000 ALTER TABLE `GroupTable` DISABLE KEYS */;
INSERT INTO `GroupTable` VALUES (1,NULL,'Thammasat University Demo Group','SMILE5',2,'2013-03-15 11:31:29'),(3,NULL,'smileDev','Z3XWH8',1,'2013-03-15 11:31:29'),(4,NULL,'FBT1','123456',6,'2013-03-15 11:31:29'),(5,NULL,'Session2','111111',6,'2013-03-15 11:31:29'),(6,NULL,'SMILETeam','SMILE5',2,'2013-03-15 11:31:29'),(7,NULL,'test-china','123456',5,'2013-03-15 11:31:29'),(8,NULL,'Macroenvironment','Macroe',22,'2013-03-15 11:31:29'),(9,NULL,'Macro Environment 2013','P5TQPZ',25,'2013-03-15 11:31:29'),(10,NULL,'GI630 Macro Environment','FH62A5',25,'2013-03-15 11:31:29'),(11,NULL,'test','GXFH85',33,'2013-03-15 11:31:29'),(12,NULL,'NewGroup','S7FM7H',1,'2013-03-20 10:24:50'),(13,NULL,'UNESCO','123456',5,'2013-03-21 10:14:16'),(14,NULL,'Sabin','202020',73,'2013-03-21 10:14:23'),(15,NULL,'Agathos','123456',65,'2013-03-21 10:15:35'),(16,NULL,'ObjetivoSorocaba','215717',81,'2013-03-21 10:15:41'),(17,NULL,'SMILEC','7RFLI5',90,'2013-03-27 09:25:09'),(18,NULL,'Jordan Middle School','Jaguar',94,'2013-04-08 23:44:44'),(19,NULL,'Thammasat-Stanford Group','SMILE5',2,'2013-04-09 08:37:24'),(20,NULL,'bumpy-ride','480022',97,'2013-04-09 09:39:36'),(22,NULL,'Room19','ellis1',115,'2013-04-12 11:54:59'),(23,NULL,'banana','banana',103,'2013-04-13 13:29:45'),(24,NULL,'Test Group number one','HSX592',92,'2013-04-14 13:28:03'),(25,NULL,'Sunday Bible Study','4ELDDP',92,'2013-04-14 14:44:23'),(26,NULL,'Comparative Education','9ZV5WY',92,'2013-04-15 18:02:18');
/*!40000 ALTER TABLE `GroupTable` ENABLE KEYS */;
UNLOCK TABLES;

--
-- Table structure for table `hibernate_sequence`
--

DROP TABLE IF EXISTS `hibernate_sequence`;
SET @saved_cs_client     = @@character_set_client;
SET character_set_client = utf8;
CREATE TABLE `hibernate_sequence` (
  `next_val` bigint(20) default NULL
) ENGINE=MyISAM DEFAULT CHARSET=utf8;
SET character_set_client = @saved_cs_client;

--
-- Dumping data for table `hibernate_sequence`
--

LOCK TABLES `hibernate_sequence` WRITE;
/*!40000 ALTER TABLE `hibernate_sequence` DISABLE KEYS */;
INSERT INTO `hibernate_sequence` VALUES (352);
/*!40000 ALTER TABLE `hibernate_sequence` ENABLE KEYS */;
UNLOCK TABLES;

--
-- Table structure for table `Message`
--

DROP TABLE IF EXISTS `Message`;
SET @saved_cs_client     = @@character_set_client;
SET character_set_client = utf8;
CREATE TABLE `Message` (
  `id` int(10) unsigned NOT NULL auto_increment,
  `sender_id` int(10) unsigned NOT NULL,
  `subject` varchar(255) NOT NULL,
  `Message` blob NOT NULL,
  `sentOn` datetime NOT NULL,
  `replyTo` int(10) unsigned default '0',
  `messageType` int(10) unsigned default '0',
  `metaData` varchar(255) default NULL,
  `senderDeleted` tinyint(1) default '0',
  PRIMARY KEY  (`id`)
) ENGINE=MyISAM AUTO_INCREMENT=347 DEFAULT CHARSET=utf8;
SET character_set_client = @saved_cs_client;

--
-- Dumping data for table `Message`
--

LOCK TABLES `Message` WRITE;
/*!40000 ALTER TABLE `Message` DISABLE KEYS */;
INSERT INTO `Message` VALUES (141,1,'Message Test!','Hey Noah!!!<div><br></div><div><br></div><div>This is a message Test!!!</div>','2013-03-20 09:53:24',0,0,NULL,0),(143,1,'Re: Message Test!','Nice!','2013-03-20 09:53:38',0,0,NULL,0),(145,2,'Please join the synchronous session','Welcome!','2013-03-20 10:09:37',0,0,NULL,0),(153,5,'Test','This is awesome Noah and chi-hou!!!,','2013-03-20 10:09:41',0,0,NULL,0),(161,1,'My Test Message!','<font face=\"Arial\" size=\"4\">Hey Everyone!</font><div><font face=\"Arial\" size=\"4\"><br></font></div><div><font face=\"Arial\" size=\"4\">This is my test message!</font></div><div><font face=\"Arial\" size=\"4\"><br></font></div><blockquote style=\"margin: 0 0 0 40px; border: none; padding: 0px;\"><div><font face=\"Arial\" size=\"4\">Do these things:</font></div></blockquote><div><ol><ol><li><font face=\"Arial\" size=\"4\">Thing 1&nbsp;</font></li><li><span style=\"background-color: red;\"><font color=\"#008000\" face=\"Arial\" size=\"4\">Thing 2</font></span></li><li><font face=\"Arial\" size=\"4\">Thing 3</font></li></ol></ol><div><font face=\"Arial\" size=\"4\">Best,</font></div></div><div><font face=\"Arial\" size=\"4\"><br></font></div><div><font face=\"Arial\" size=\"4\">Noah</font></div>','2013-03-20 10:10:04',0,0,NULL,0),(169,5,'Re: My Test Message!','Nice&nbsp;','2013-03-20 10:10:55',0,0,NULL,0),(171,33,'Re: My Test Message!','hjhjhjhjh','2013-03-20 10:12:30',0,0,NULL,0),(173,1,'You\'ve been invited to join group NewGroup.','<b>You\'ve been invited to join group <i>NewGroup</i> by one of the group\'s organizers. <p>By joining the group, you can participate in group sessions.</p></b>','2013-03-20 10:25:13',0,1,'12',0),(229,75,'Message','Check your messages!','2013-03-21 10:53:54',0,0,NULL,0),(231,72,'Re: Message','yes','2013-03-21 10:54:46',0,0,NULL,0),(246,2,'You\'ve been invited to join group Thammasat-Stanford Group.','<b>You\'ve been invited to join group <i>Thammasat-Stanford Group</i> by one of the group\'s organizers. <p>By joining the group, you can participate in group sessions.</p></b>','2013-04-09 09:25:00',0,1,'19',0),(252,2,'You\'ve been invited to join group Thammasat-Stanford Group.','<b>You\'ve been invited to join group <i>Thammasat-Stanford Group</i> by one of the group\'s organizers. <p>By joining the group, you can participate in group sessions.</p></b>','2013-04-09 09:32:54',0,1,'19',0),(292,5,'You\'ve been invited to join group Room19.','<b>You\'ve been invited to join group <i>Room19</i> by one of the group\'s organizers. <p>By joining the group, you can participate in group sessions.</p></b>','2013-04-11 14:20:31',0,1,'21',0),(322,103,'SHould i make it viral?','title^^ like put it on google or a blog or something\n','2013-04-13 12:22:56',0,0,NULL,0),(331,92,'You\'ve been invited to join group Sunday Bible Study.','<b>You\'ve been invited to join group <i>Sunday Bible Study</i> by one of the group\'s organizers. <p>By joining the group, you can participate in group sessions.</p></b>','2013-04-14 14:44:55',0,1,'25',0),(340,92,'You\'ve been invited to join group Comparative Education.','<b>You\'ve been invited to join group <i>Comparative Education</i> by one of the group\'s organizers. <p>By joining the group, you can participate in group sessions.</p></b>','2013-04-15 18:04:42',0,1,'26',0),(342,92,'You\'ve been invited to join group Comparative Education.','<b>You\'ve been invited to join group <i>Comparative Education</i> by one of the group\'s organizers. <p>By joining the group, you can participate in group sessions.</p></b>','2013-04-15 18:07:02',0,1,'26',0),(346,92,'You\'ve been invited to join group Comparative Education.','<b>You\'ve been invited to join group <i>Comparative Education</i> by one of the group\'s organizers. <p>By joining the group, you can participate in group sessions.</p></b>','2013-04-15 18:10:24',0,1,'26',0);
/*!40000 ALTER TABLE `Message` ENABLE KEYS */;
UNLOCK TABLES;

--
-- Table structure for table `MsgRecipient`
--

DROP TABLE IF EXISTS `MsgRecipient`;
SET @saved_cs_client     = @@character_set_client;
SET character_set_client = utf8;
CREATE TABLE `MsgRecipient` (
  `mr_id` int(10) unsigned NOT NULL auto_increment,
  `msg_id` int(10) unsigned NOT NULL,
  `recipient_id` int(10) unsigned NOT NULL,
  `recipientDeleted` tinyint(1) default '0',
  `isRead` tinyint(1) default '0',
  PRIMARY KEY  (`mr_id`)
) ENGINE=MyISAM AUTO_INCREMENT=348 DEFAULT CHARSET=utf8;
SET character_set_client = @saved_cs_client;

--
-- Dumping data for table `MsgRecipient`
--

LOCK TABLES `MsgRecipient` WRITE;
/*!40000 ALTER TABLE `MsgRecipient` DISABLE KEYS */;
INSERT INTO `MsgRecipient` VALUES (142,141,1,0,1),(144,143,1,0,1),(146,145,1,0,1),(147,145,2,0,1),(148,145,4,0,0),(149,145,5,0,1),(150,145,10,0,0),(151,145,33,0,1),(152,145,34,0,0),(154,153,1,0,1),(155,153,2,0,1),(156,153,4,0,0),(157,153,5,0,1),(158,153,10,0,0),(159,153,33,0,1),(160,153,34,0,0),(162,161,1,0,1),(163,161,2,0,1),(164,161,4,0,0),(165,161,5,0,1),(166,161,10,0,0),(167,161,33,0,1),(168,161,34,0,0),(170,169,1,0,1),(172,171,1,0,1),(174,173,5,0,1),(175,173,2,0,1),(176,173,33,0,1),(230,229,72,0,1),(232,231,75,0,1),(247,246,5,0,1),(293,292,115,0,1),(323,322,94,0,0),(332,331,183,0,0),(333,331,182,0,1),(341,340,184,0,1),(343,342,185,0,1),(347,346,186,0,1);
/*!40000 ALTER TABLE `MsgRecipient` ENABLE KEYS */;
UNLOCK TABLES;

--
-- Table structure for table `Organization`
--

DROP TABLE IF EXISTS `Organization`;
SET @saved_cs_client     = @@character_set_client;
SET character_set_client = utf8;
CREATE TABLE `Organization` (
  `id` int(10) unsigned NOT NULL auto_increment,
  `name` varchar(255) NOT NULL,
  `address_id` int(10) unsigned default NULL,
  `phone` varchar(255) default NULL,
  `website` varchar(255) default NULL,
  `orgType` varchar(255) default NULL,
  PRIMARY KEY  (`id`)
) ENGINE=MyISAM DEFAULT CHARSET=utf8;
SET character_set_client = @saved_cs_client;

--
-- Dumping data for table `Organization`
--

LOCK TABLES `Organization` WRITE;
/*!40000 ALTER TABLE `Organization` DISABLE KEYS */;
/*!40000 ALTER TABLE `Organization` ENABLE KEYS */;
UNLOCK TABLES;

--
-- Table structure for table `PasswordChangeRequest`
--

DROP TABLE IF EXISTS `PasswordChangeRequest`;
SET @saved_cs_client     = @@character_set_client;
SET character_set_client = utf8;
CREATE TABLE `PasswordChangeRequest` (
  `id` int(10) unsigned NOT NULL auto_increment,
  `user_id` int(10) unsigned NOT NULL,
  `token` varchar(50) NOT NULL,
  `createdOn` datetime default NULL,
  PRIMARY KEY  (`id`)
) ENGINE=MyISAM AUTO_INCREMENT=24 DEFAULT CHARSET=utf8;
SET character_set_client = @saved_cs_client;

--
-- Dumping data for table `PasswordChangeRequest`
--

LOCK TABLES `PasswordChangeRequest` WRITE;
/*!40000 ALTER TABLE `PasswordChangeRequest` DISABLE KEYS */;
INSERT INTO `PasswordChangeRequest` VALUES (1,5,'04343145-fc24-4f32-8ca3-ffee25a466f2','2013-03-01 10:16:05'),(2,5,'f6673833-53f2-498e-9a27-658333745353','2013-03-01 10:16:09'),(3,1,'fc9c197a-fd23-4256-aaee-604f80486d49','2013-03-01 10:18:18'),(5,26,'36b36721-8c8c-4e5c-801f-b4ad63412bef','2013-03-11 11:33:54'),(6,1,'643e7d27-c09b-4078-bf78-8fd4ffbeb2e8','2013-03-11 11:34:53'),(7,26,'75bbe50d-370e-4732-aad1-c1b7c13276d3','2013-03-11 11:45:09'),(10,38,'1da8a6a3-a6eb-4bb4-bf47-f93bf107bd78','2013-03-16 19:16:09'),(11,1,'4ab2998a-9e04-4bee-b178-00eab256559b','2013-03-27 11:35:56'),(12,45,'f7c5f710-43a7-4add-93f4-a87a1d4cfc46','2013-04-09 09:22:02'),(13,61,'aae3a198-ba4a-4b28-8141-7399102fd07f','2013-04-09 09:25:03'),(17,30,'b78da520-33c2-47a2-812c-a7fda37db666','2013-04-09 09:27:12'),(15,48,'6c1ebf1a-3843-4593-8b9f-7be6cfd2895b','2013-04-09 09:26:20'),(16,30,'4c607243-c7a2-4b5d-95f7-95c240f71263','2013-04-09 09:26:21'),(20,47,'6155de6f-d2b5-480a-8508-9dea24312023','2013-04-09 10:19:46'),(21,1,'690a1164-9cd7-4ec8-a786-4b51788eb0ad','2013-04-17 15:47:21'),(22,1,'df7d1ff1-ac8f-4f0e-8f04-37c828805e1a','2013-04-17 15:47:24'),(23,1,'4f83fee5-5ced-4e6d-8413-f44070d6abf6','2013-04-17 15:47:57');
/*!40000 ALTER TABLE `PasswordChangeRequest` ENABLE KEYS */;
UNLOCK TABLES;

--
-- Table structure for table `Question`
--

DROP TABLE IF EXISTS `Question`;
SET @saved_cs_client     = @@character_set_client;
SET character_set_client = utf8;
CREATE TABLE `Question` (
  `id` int(10) unsigned NOT NULL auto_increment,
  `user_id` int(10) unsigned NOT NULL,
  `questionText` text NOT NULL,
  `media_url` varchar(255) default NULL,
  `contentType` enum('audio','video','image','document') default NULL,
  `isPublic` tinyint(1) NOT NULL default '1',
  `createdOn` datetime NOT NULL,
  `uniqueAnswers` int(10) unsigned default NULL,
  `avgRating` float(7,4) default NULL,
  `avgCorrect` float(7,4) default NULL,
  `avgSecComplete` float(7,4) default NULL,
  `tagText` varchar(255) NOT NULL,
  PRIMARY KEY  (`id`),
  FULLTEXT KEY `questionText` (`questionText`,`tagText`),
  FULLTEXT KEY `tagText` (`tagText`)
) ENGINE=MyISAM AUTO_INCREMENT=353 DEFAULT CHARSET=utf8;
SET character_set_client = @saved_cs_client;

--
-- Dumping data for table `Question`
--

LOCK TABLES `Question` WRITE;
/*!40000 ALTER TABLE `Question` DISABLE KEYS */;
INSERT INTO `Question` VALUES (1,2,'Hamlet, like Shakespeare\'s other plays, is written in a combination of verse (poetry) and prose (how we talk every day). Which of the following are true of the kind of verse known as iambic pentameter used in Hamlet?','http://www.youtube.com/v/WMG26ARS9OY','document',1,'2013-02-28 18:22:58',6,4.3333,0.1667,33.6667,'English/Language Arts, High School, Shakespeare, Hamlet, Poetry'),(2,2,'4,070.32 is equal to which of the following?',NULL,NULL,1,'2013-02-28 18:27:33',8,4.7500,1.0000,13.7500,'Math, Elementary, Number Sense, Place Value'),(3,2,'What is evapotranspiration?','watercyclesummary.jpg','image',1,'2013-02-28 18:37:02',4,6.5000,0.2500,18.2500,'Science, Water Cycle, Elementary, Middle School'),(4,5,'What is the evidence for FBT versus individual approaches?','http://www.youtube.com/v/Sku4nY6jp9A','document',0,'2013-03-01 09:20:01',1,6.0000,1.0000,16.0000,'FBT, Anorexia Nervosa, Eating Disorders'),(5,2,'What does FBT stand for?',NULL,NULL,0,'2013-03-01 09:42:43',1,6.0000,0.0000,13.0000,''),(6,1,'What is 10 * 54?',NULL,NULL,1,'2013-03-01 10:30:50',6,3.0000,1.0000,7.5000,'Math, multiplication'),(7,1,'What is 9 * 7?',NULL,NULL,1,'2013-03-01 10:39:35',5,2.8000,1.0000,7.2000,'Math, 2nd grade, multiplication'),(8,4,'3+4',NULL,NULL,0,'2013-03-01 10:46:17',1,6.0000,1.0000,5.0000,''),(9,1,'4 + 4 = ?','FL000026.jpg','image',0,'2013-03-01 10:46:19',3,4.6667,1.0000,9.6667,''),(10,2,'What color is made by mixing white and red?',NULL,NULL,0,'2013-03-01 10:46:24',2,6.0000,1.0000,10.5000,''),(11,1,'5 * 6',NULL,NULL,0,'2013-03-01 10:46:34',2,7.0000,1.0000,6.5000,''),(12,2,'What is Chi-Hou\'s last name?',NULL,NULL,0,'2013-03-01 10:47:04',2,5.0000,1.0000,23.5000,''),(13,5,'What is SMILE?',NULL,NULL,0,'2013-03-01 10:47:58',2,7.0000,0.5000,16.5000,''),(14,5,'Which equations same as x+4=14',NULL,NULL,0,'2013-03-01 10:51:02',1,10.0000,1.0000,31.0000,''),(15,4,'3+4',NULL,NULL,1,'2013-03-01 10:55:02',7,2.8571,1.0000,13.0000,''),(16,1,'4 + 4 = ?','FL000026.jpg','image',1,'2013-03-01 10:55:02',5,2.0000,1.0000,5.4000,''),(17,2,'What color is made by mixing white and red?',NULL,NULL,1,'2013-03-01 10:55:02',4,3.5000,1.0000,6.2500,''),(19,2,'What is Chi-Hou\'s last name?',NULL,NULL,1,'2013-03-01 10:55:02',4,7.0000,0.5000,10.7500,''),(20,5,'What is SMILE?',NULL,NULL,1,'2013-03-01 10:55:02',3,4.6667,0.6667,11.0000,''),(21,5,'Which equations same as x+4=14',NULL,NULL,1,'2013-03-01 10:55:02',5,6.0000,1.0000,30.4000,''),(22,4,'10 * 0.2',NULL,NULL,0,'2013-03-01 11:00:19',1,4.0000,1.0000,12.0000,''),(23,2,' What is a synonym for elation?',NULL,NULL,0,'2013-03-01 11:02:26',1,8.0000,1.0000,16.0000,''),(24,5,'What is 3x+5=2x+15',NULL,NULL,0,'2013-03-01 11:04:14',1,10.0000,1.0000,26.0000,''),(25,1,'Which of the following is not a primary light color?',NULL,NULL,0,'2013-03-01 11:04:23',1,8.0000,1.0000,12.0000,''),(26,2,'What is equal to (2x+1)(y-1)',NULL,NULL,0,'2013-03-01 11:05:42',1,8.0000,1.0000,61.0000,''),(27,1,'Which color light do you get from mixing green and blue light?','console-09.gif','image',0,'2013-03-01 11:05:56',1,8.0000,1.0000,101.0000,''),(28,5,'What is x?','image.jpg','image',0,'2013-03-01 11:07:13',NULL,NULL,NULL,NULL,''),(30,7,'At what temperature does paper burn?','fire.mp4','video',1,'2013-03-01 16:36:10',6,5.0000,0.6667,24.0000,''),(31,1,'What causes the flu?',NULL,NULL,0,'2013-03-01 18:41:34',3,6.6667,0.6667,27.0000,''),(32,1,'When was the largest flu epidemic?',NULL,NULL,0,'2013-03-01 18:43:05',2,6.0000,0.5000,9.5000,''),(33,2,'Which is NOT true?',NULL,NULL,0,'2013-03-01 18:43:32',4,7.0000,1.0000,15.2500,'Science, Health'),(34,22,'Why is flu worse in the winter?',NULL,NULL,0,'2013-03-01 18:44:39',2,8.0000,1.0000,17.0000,''),(35,2,'What are precautions you can take from catching the flu?',NULL,NULL,0,'2013-03-01 18:45:43',1,6.0000,1.0000,8.0000,''),(36,23,'What is the alternative way to treat the flu, in case we don\'t want to take the clinical medicine?',NULL,NULL,0,'2013-03-01 18:45:44',2,6.0000,1.0000,18.0000,'General Viewers'),(37,24,'Is H1N1 a flu?',NULL,NULL,0,'2013-03-01 18:45:52',2,4.0000,0.5000,14.0000,''),(38,1,'Spanish influenza refers to?',NULL,NULL,0,'2013-03-01 18:45:53',1,6.0000,1.0000,12.0000,''),(39,21,'What is not the symptom of flu?',NULL,NULL,0,'2013-03-01 18:46:35',1,4.0000,1.0000,7.0000,''),(40,5,'Why do people catch flu more in Winter?',NULL,NULL,0,'2013-03-01 18:46:59',1,6.0000,1.0000,26.0000,''),(41,24,'How many people die from H1N1?',NULL,NULL,0,'2013-03-01 18:48:06',1,6.0000,0.0000,4.0000,''),(42,5,'what are the common symtoms of flu?',NULL,NULL,0,'2013-03-01 18:48:38',1,6.0000,1.0000,10.0000,''),(43,22,'How long of an answer can I use in SMILE?',NULL,NULL,0,'2013-03-11 01:31:56',1,6.0000,1.0000,12.0000,''),(44,22,'Why is there so much traffic in Bangkok',NULL,NULL,0,'2013-03-11 02:09:46',1,2.0000,0.0000,30.0000,''),(45,25,'What does this describe:',NULL,NULL,1,'2013-03-11 02:09:50',4,4.0000,0.5000,26.2500,''),(46,25,'Which element of ecological economics does this describe:',NULL,NULL,0,'2013-03-11 02:13:08',1,4.0000,1.0000,9.0000,''),(47,25,'Which of the following is NOT recommended as an effective way to organize communications?',NULL,NULL,0,'2013-03-12 20:38:53',NULL,NULL,NULL,NULL,''),(48,22,'What is the best excuse for being late for class?',NULL,NULL,0,'2013-03-13 03:50:33',1,6.0000,0.0000,21.0000,''),(49,29,'Why are we here?',NULL,NULL,0,'2013-03-13 04:08:06',1,2.0000,0.0000,39.0000,''),(50,25,'Which of the following is NOT recommended as an effective way to organize communications?',NULL,NULL,0,'2013-03-13 04:30:21',5,8.4000,0.4000,85.2000,''),(51,34,'What graders of Thailand public school students are now receiving OTPC(One Tablet Per Child)?',NULL,NULL,1,'2013-03-13 11:29:47',5,4.8000,0.0000,11.0000,'Thailand, OTPC, one tablet per child,'),(52,34,'What percentage of OLPC notebooks are being actually used in classrooms in Uruguay?',NULL,NULL,1,'2013-03-13 11:31:54',6,5.3333,0.5000,8.8333,'Uruguay, OLPC, one notebook per child'),(53,34,'How many people on earth now have access to mobile phones?',NULL,NULL,1,'2013-03-13 11:33:51',4,4.5000,0.5000,26.7500,'Mobile phone, world usage, penetration'),(54,2,'This is an Apple device.','image.jpg','image',0,'2013-03-13 11:39:11',2,5.0000,0.5000,12.0000,''),(55,34,'In regards to conducting needs analyses to design an educational technology solution, which of the following component is most often overlooked?',NULL,NULL,1,'2013-03-13 11:43:17',8,7.5000,0.3750,17.6250,'Technology, content, pedagogy, value perception'),(56,5,'Can we recycle this material?','image.jpg','image',0,'2013-03-13 11:43:42',1,2.0000,0.0000,11.0000,''),(57,34,'Which of the following is not related to wireless communication protocol?',NULL,NULL,0,'2013-03-13 11:53:03',NULL,NULL,NULL,NULL,''),(58,35,'Who is an ecological economist?',NULL,NULL,0,'2013-03-13 19:47:09',18,8.5556,1.0000,56.3333,''),(59,43,'Which answer is NOT an example of political risk analysis?',NULL,NULL,0,'2013-03-14 02:18:01',14,8.1429,0.6429,42.4286,''),(60,43,'Which country is a stable-because-closed state?',NULL,NULL,0,'2013-03-14 02:40:10',21,7.7143,0.9524,34.6191,''),(61,39,'What is the first step in designing a communication?',NULL,NULL,0,'2013-03-14 03:11:57',20,8.2001,0.9000,34.5000,''),(62,39,'Which country is considered to be politically closed but economically open?',NULL,NULL,0,'2013-03-14 03:47:13',24,8.3333,0.9583,28.4583,''),(63,30,'Comparing political to economical analysis, which one is not correct?',NULL,NULL,0,'2013-03-14 03:57:52',14,8.5714,0.9286,119.5000,''),(64,30,' Based on the article \"Managing Risk in an Unstable World\", which one is correct?',NULL,NULL,0,'2013-03-14 04:03:35',5,8.8000,0.6000,142.2000,''),(65,45,'Which of these countries have the least stability level?',NULL,NULL,0,'2013-03-14 05:47:34',13,8.6154,0.8462,211.8462,'Managing Risk in an Unstable World'),(66,45,'Which of the following is *not* unique aspects of oral presentations?\n\n\n',NULL,NULL,0,'2013-03-14 05:49:12',7,8.2857,0.7143,75.2857,''),(67,44,'Risk tolerance is an important component in investing. For light manufacturers and midsize companies in idustrial supply chains is typical:',NULL,NULL,0,'2013-03-14 06:35:24',2,9.0000,1.0000,77.5000,''),(68,44,'Nowadays, any company active in foreign markets needs early and accurate information on political developements. Which one of the following statements DOES NOT represent a principle reason for this need.',NULL,NULL,0,'2013-03-14 07:01:59',9,8.0000,0.7778,56.1111,''),(69,51,'What is a disadvantage from focusing only on economic risk analysis?',NULL,NULL,0,'2013-03-14 07:23:45',11,7.6364,0.8182,94.1818,''),(70,46,'What is not included on \"first step in the review process\"?',NULL,NULL,0,'2013-03-14 07:34:59',2,8.0000,0.5000,83.5000,''),(71,51,'Which choice is wrong regarding to the four reasons why a company in foreign market needs early, accurate information on political development?',NULL,NULL,0,'2013-03-14 08:04:25',9,7.7778,0.8889,73.1111,''),(72,46,'What is the reason that decrease your creditability?',NULL,NULL,0,'2013-03-14 08:05:57',5,8.4000,0.4000,73.2000,''),(73,54,'Regarding various means of communication, which is incorrect?',NULL,NULL,0,'2013-03-14 08:13:51',8,8.2500,0.7500,68.3750,''),(74,35,'Which one is not related to Political aspect in order to do business abroad now?',NULL,NULL,0,'2013-03-14 08:20:52',9,8.4444,0.5556,44.0000,''),(75,42,'What is the benefit of \"Information Brochures\" as a communication tool?',NULL,NULL,0,'2013-03-14 08:24:10',10,8.0000,1.0000,54.3000,''),(76,53,'Political risk measures the stability of individual countries. Which of the following factor DOES NOT affect the country\'s stability?',NULL,NULL,0,'2013-03-14 08:38:09',12,7.4999,1.0000,36.9167,''),(77,54,'Which audience information is considered helpful prior to your communication?',NULL,NULL,0,'2013-03-14 08:41:19',10,7.6000,0.8000,46.1000,''),(78,53,'Shocks themselves are another important concept in political risk. They can be both internal and external. Which one is an external one?',NULL,NULL,0,'2013-03-14 08:53:26',13,7.5384,1.0000,32.3076,''),(79,42,'As \"Managing risk in an unstable world\" mentioned, what IS NOT the principle reason for international company to understand more on political deveplopment?',NULL,NULL,0,'2013-03-14 09:11:46',12,8.1667,0.9167,59.1667,''),(80,52,'Because politic is affected to economics, which answer is not influence the political risk ?',NULL,NULL,0,'2013-03-14 10:07:28',9,8.8890,0.6667,42.4444,''),(81,55,'If you think about political issue between Iran or North Korea between U.S., what political issues that you will think first ?',NULL,NULL,0,'2013-03-14 10:12:08',6,7.6667,0.8333,34.5000,''),(82,47,'Information from which factor is most likely to be distorted if the risk analysts have the prejudice towards a country?',NULL,NULL,0,'2013-03-14 10:18:29',6,7.3333,1.0000,117.5000,''),(83,55,'As we know, political risk measure the stability of individual countries base on which factors ?',NULL,NULL,0,'2013-03-14 10:21:28',3,7.3333,0.6667,94.0000,''),(84,47,'If the economy in China has come to a recession, why the other countries would feel the downturn of the business? Because: ',NULL,NULL,1,'2013-03-14 21:37:16',13,6.6154,0.8462,48.0000,''),(85,52,'Why is political risk analysis is important?',NULL,NULL,0,'2013-03-14 11:41:04',13,8.4615,0.9231,46.4615,''),(86,56,'What is the best way to assess political risk factors it into the investment decisions?',NULL,NULL,0,'2013-03-14 12:20:11',4,8.0000,0.7500,15.0000,''),(87,56,'What is the best describe the politic issues effected Thai economy?',NULL,NULL,0,'2013-03-14 12:39:10',3,6.6667,0.6667,26.0000,''),(88,31,'According to Deutsche Bank Eurasia Group Stability Index (DESIX), March 2005, which of the following statements is not true?',NULL,NULL,0,'2013-03-14 13:22:53',2,7.0000,0.0000,123.0000,''),(89,50,'The way a country reacts shocks depends on its..',NULL,NULL,0,'2013-03-14 19:08:28',1,8.0000,1.0000,62.0000,''),(90,50,'Which of the factors is not a determinant when a company applies a risk analysis',NULL,NULL,0,'2013-03-14 19:10:47',1,2.0000,0.0000,76.0000,''),(91,31,'In term of the effective communication, who of the following can not be a good example?',NULL,NULL,0,'2013-03-14 19:25:37',6,8.6667,0.8333,91.0000,''),(92,40,'Which one do you think is the most risk politic situation?',NULL,NULL,0,'2013-03-14 20:14:41',4,7.0000,0.2500,22.0000,''),(93,40,'Which one do you think is the most affect to stability?',NULL,NULL,0,'2013-03-14 20:15:43',5,7.6000,0.8000,57.2000,''),(94,41,'What is one of the reasons that brilliant work by scientists has little impact?',NULL,NULL,0,'2013-03-14 20:26:56',6,8.6667,1.0000,54.3333,''),(95,58,'in the \'Risk and Reward in World Markets\' passageWhat does \'stability of a country\' mean?',NULL,NULL,0,'2013-03-14 20:28:15',3,5.3333,0.6667,101.3333,''),(96,58,'in the \'Risk and Reward in World Markets\', why Saudi Arabia keeps us up at night?',NULL,NULL,0,'2013-03-14 20:36:09',2,8.0000,0.5000,79.0000,''),(97,41,'Which of the following countries has the highest score of stability level from political risk?',NULL,NULL,0,'2013-03-14 20:51:27',7,6.5714,0.7143,45.0000,''),(98,59,'Why defining communication goals and the audience is so important?',NULL,NULL,0,'2013-03-14 21:03:07',3,7.3333,1.0000,86.0000,''),(99,59,'What are the risk of China?',NULL,NULL,0,'2013-03-14 21:21:26',7,7.7143,1.0000,72.7143,''),(102,60,'According to Ian Bremmer\'s HBR article, why is it difficult to gather data on political risk?',NULL,NULL,0,'2013-03-14 22:06:31',1,8.0000,0.0000,88.0000,''),(103,60,'According to Ian Bremmer\'s HBR article, political risk is defined as...',NULL,NULL,0,'2013-03-14 22:07:45',NULL,NULL,NULL,NULL,''),(104,49,'What is a following point not correct? \n',NULL,NULL,0,'2013-03-14 22:13:04',NULL,NULL,NULL,NULL,''),(105,49,'Which of the following is NOT true in order to sustain economy over the long term?',NULL,NULL,0,'2013-03-14 22:30:29',NULL,NULL,NULL,NULL,''),(106,38,'When doing business abroad, multinational corporations need to evaluate the accurate information on political developments, which of the answer is CORRECT?',NULL,NULL,0,'2013-03-14 23:10:40',1,8.0000,1.0000,74.0000,''),(107,36,'Which is NOT a good example of company’s technique to mitigate political risks?',NULL,NULL,0,'2013-03-14 23:32:09',1,8.0000,1.0000,23.0000,'political risk'),(108,38,'Thailand is also one of the country with political risk that concern business, from the reading, what are the factors affecting stability and its example?',NULL,NULL,0,'2013-03-14 23:45:12',1,8.0000,1.0000,16.0000,''),(109,61,'As followings, what is NOT an example of political risk?',NULL,NULL,0,'2013-03-14 23:50:39',3,7.3333,1.0000,16.0000,''),(110,62,'Which country belongs among stability level to \"failed states\"?',NULL,NULL,0,'2013-03-14 23:55:59',5,7.2000,0.8000,10.0000,''),(111,62,'How much is real unemployment rate in Saudi Arabia?',NULL,NULL,0,'2013-03-14 23:58:40',3,8.0000,1.0000,15.3333,''),(112,61,'Which is NOT principle reasons why foreign markets should concern international politic issues?',NULL,NULL,0,'2013-03-14 23:59:54',1,10.0000,1.0000,17.0000,''),(113,36,'The ability to communicate effectively...',NULL,NULL,0,'2013-03-15 00:30:48',1,8.0000,1.0000,12.0000,'communication'),(114,57,'Which Factor most affect India\'s stability ?',NULL,NULL,0,'2013-03-15 02:27:26',NULL,NULL,NULL,NULL,''),(115,57,'Which country has the lowest stability level ?',NULL,NULL,0,'2013-03-15 02:28:56',NULL,NULL,NULL,NULL,''),(116,32,'In oral presentation which answer is FAULSE',NULL,NULL,0,'2013-03-15 04:22:35',NULL,NULL,NULL,NULL,''),(117,32,'Which country is an example of surviving the transition from closed to open country?',NULL,NULL,0,'2013-03-15 04:27:07',NULL,NULL,NULL,NULL,''),(118,63,'Political risk is influenced by 3 out of 4 but no which answer???',NULL,NULL,0,'2013-03-15 04:36:55',NULL,NULL,NULL,NULL,''),(119,63,'Who is Ian Bremmer???',NULL,NULL,0,'2013-03-15 04:41:37',NULL,NULL,NULL,NULL,''),(120,30,'The firms that adopting ……….. Strategy drive new model of social provision through the development of political or economical infrastructure to address gaps in a public welfare.',NULL,NULL,0,'2013-03-15 22:13:05',7,7.4285,0.8571,118.7143,''),(121,30,'Which approach is recommended in situations of urgency in terms of public service provision?',NULL,NULL,0,'2013-03-15 22:14:17',7,7.4286,0.8571,51.0000,''),(122,35,'Regarding to create green business, which one is NOT correct?',NULL,NULL,0,'2013-03-15 23:01:57',8,7.5000,0.5001,51.0000,''),(123,56,'What is NOT the key driven from private enterprise to concern on social responsibility?',NULL,NULL,0,'2013-03-15 23:06:34',16,7.5000,0.9376,67.7501,''),(124,56,'What is the reason to create the public responsibility deficit?',NULL,NULL,0,'2013-03-15 23:15:11',12,7.6666,0.9167,56.4167,''),(125,54,'From the article \"Changing the World\", which is incorrect?',NULL,NULL,0,'2013-03-15 23:20:24',8,8.0000,1.0000,79.1250,''),(126,62,'What was the value of ecosystem services in 1997 (in today´s dollars)',NULL,NULL,0,'2013-03-15 23:21:58',4,7.5000,1.0000,65.2500,''),(127,62,'What does the M2M stands for?',NULL,NULL,0,'2013-03-15 23:24:48',12,7.0000,1.0000,22.2500,''),(128,42,'Which one IS NOT correct based on Public Responsibility Strategies?',NULL,NULL,0,'2013-03-15 23:50:53',10,8.0000,1.0000,77.2000,''),(129,54,'The first main challenge of a supplement strategy to company is...',NULL,NULL,0,'2013-03-16 00:05:54',10,7.4000,0.9000,60.6000,''),(130,45,'Which of the following are *not* nine leverage points suggested by Donella Meadows?',NULL,NULL,0,'2013-03-16 00:08:49',9,7.1111,1.0000,80.0000,'EE (ch. 9) Changing the World'),(131,45,'According to Top Sustainable Business Trends of 2013, which of the following statement is true in an M2M (machine-to-machine) world?',NULL,NULL,0,'2013-03-16 00:12:32',10,8.2000,1.0000,69.2000,'M2M Enables the Rise of Greener Machine'),(132,35,'Regarding to Public  Responsibility and Private Enterprise in Developing Countries, which one is CORRECT?\nA) There are 4 strategies - Supplement, Support, Substitute, and Stimulate\nB) There is one-size-fit-all strategy to every company\nC) Public responsibility is for both private and public sector',NULL,NULL,0,'2013-03-16 00:19:56',8,7.2500,0.7500,94.1251,''),(133,59,'What is a major obstacle to solving ecological economic problems according to article \"Change the world\"? And Why?',NULL,NULL,0,'2013-03-16 00:23:06',11,8.1818,1.0000,57.0000,''),(134,43,'Which of the following sentences best describe a public Responsibility Deficit?',NULL,NULL,0,'2013-03-16 00:39:32',10,8.2000,0.4000,45.6999,''),(135,52,'From transparency in State of green business, why do we need to measure environmental impact ?',NULL,NULL,0,'2013-03-16 00:42:33',9,8.2222,0.7778,34.5556,''),(136,59,'According to article \"Where impacts happen,\" what are the top key performance indicators of the 80-20 rule?',NULL,NULL,0,'2013-03-16 00:53:02',13,7.6924,1.0000,39.5384,''),(137,40,'From materiality becomes material for investors article. What is new initiative aim at transforming corporate disclosures?',NULL,NULL,0,'2013-03-16 00:56:21',6,6.6667,1.0000,27.3333,''),(138,42,'According to Changing the World, which one IS NOT comply with the paradigm shift?',NULL,NULL,0,'2013-03-16 00:57:26',8,7.0000,0.8750,26.7500,''),(139,40,'What is  key performance indicator of environmental impact?',NULL,NULL,0,'2013-03-16 00:59:56',13,7.3846,1.0000,21.6923,''),(140,39,'According to Top sustainable business trends of 2013, which of the following is number 1 risk and an issue that an insurance industry has been concerned about for years?',NULL,NULL,0,'2013-03-16 01:01:06',8,7.0000,0.6250,42.5001,''),(141,39,'According to the article \"Changing the world\", which of the following Meadows considered to be LEAST powerful leverage point?',NULL,NULL,0,'2013-03-16 01:02:54',9,7.3333,1.0000,53.4444,''),(142,48,'According to \"TOP SUSTAINABLE BUSINESS TRENDS of 2013\" article, why should the company go green?',NULL,NULL,0,'2013-03-16 01:04:33',11,7.2727,0.9091,39.2727,'Macro Environment'),(143,48,'Which of environmental KPI has the highest percentage?',NULL,NULL,0,'2013-03-16 01:12:33',7,7.4286,1.0000,31.0000,'Macro environment'),(144,52,'From where impact happen, what does supply chain represent today?',NULL,NULL,0,'2013-03-16 01:24:33',7,8.0000,1.0000,15.5714,''),(145,43,'Which of the examples is a good leverage to Changing the World concept?',NULL,NULL,0,'2013-03-16 01:29:25',8,8.5000,1.0000,73.2500,''),(146,46,'Which one is the benefit from \"Green Office Space\"',NULL,NULL,0,'2013-03-16 01:37:16',7,6.8572,1.0000,17.5714,''),(147,51,'Which of the following is NOT in three trends shaping the profession in 2013?',NULL,NULL,0,'2013-03-16 02:01:13',3,7.3333,1.0000,33.3333,''),(148,31,'According to the State of Green Business 2013 article, which of the following companies can NOT be a good example in term of NEW supply chain including environmental and social impact?',NULL,NULL,0,'2013-03-16 02:06:37',7,8.5715,1.0000,39.1429,''),(149,31,'According to State of green business 2013, which of the following sentences is correct?',NULL,NULL,0,'2013-03-16 02:07:34',5,7.6000,1.0000,41.8000,''),(150,46,'Which example represents \"Positive Feedback Loop\"',NULL,NULL,0,'2013-03-16 02:10:23',5,7.6000,0.6000,40.0000,''),(151,51,'In term of choosing the right strategy for public service provision and developing public infrastructure, which one is correct?',NULL,NULL,0,'2013-03-16 02:23:33',4,6.0000,1.0000,154.2500,''),(152,61,'What is an example of \"Supplement\" public responsibility strategy?',NULL,NULL,0,'2013-03-16 02:58:16',8,7.0000,1.0000,32.3750,''),(153,61,'What is an example of \"Stimulate\" public responsibility strategy?',NULL,NULL,0,'2013-03-16 03:00:33',7,8.2857,1.0000,25.4285,''),(154,50,'What is the main challenge of supplement strategy?',NULL,NULL,0,'2013-03-16 03:04:06',4,6.5000,1.0000,101.0000,''),(155,50,'What does GRI stand for?',NULL,NULL,0,'2013-03-16 03:16:03',6,7.3333,1.0000,55.5000,''),(156,44,'Driving new models of social provision through the developement of political or economic infrastructure that adresses gaps in public welfare (e.g. commercial microfinance, lobby against internet censorship) is typical for one of the 4 Public Responsibility Strategies. Which one?',NULL,NULL,0,'2013-03-16 03:56:29',2,9.0000,1.0000,12.5000,''),(157,44,'Governments is developing countries often lack the resources to tackle serious social problems. According to the article \"Public Responsibility and Private Entreprise in Developing Countries\", even if resources are available, corruption absorbs .....% of financial aid intended to citizens.',NULL,NULL,0,'2013-03-16 04:14:34',6,7.0000,1.0000,106.0000,''),(158,38,'Which of Public Responsibility Strategies is WRONG?',NULL,NULL,0,'2013-03-16 04:29:55',2,9.0000,0.5000,94.5000,''),(159,38,'Why do Private Enterprises encounter on Public Responsibility?',NULL,NULL,0,'2013-03-16 05:01:14',2,10.0000,1.0000,68.0000,''),(160,60,'The case of water privatization in Bolivia (Bechtel case) is an example of which public responsibility strategy?',NULL,NULL,0,'2013-03-16 05:07:23',6,9.0000,0.8333,41.3333,''),(161,60,'Which of the following is the least powerful leverage point (according to Donella Meadows)?',NULL,NULL,0,'2013-03-16 05:09:21',4,7.5000,0.5000,39.5000,''),(162,36,'Which Public Responsibility help private enterprise to gain local capabilities?',NULL,NULL,0,'2013-03-16 05:27:46',2,8.0000,1.0000,39.0000,''),(163,49,'Regarding State of Green Business, which of the following mentions a good way to create corporations\' integrated report?\n',NULL,NULL,0,'2013-03-16 05:30:00',6,7.6667,0.8333,95.3333,''),(164,36,'Sustainability reporting assurance is destined to increase when... ',NULL,NULL,0,'2013-03-16 05:43:54',2,8.0000,0.5000,120.5000,''),(165,49,'Relating to sustainability trend of natural capital, which of the following is NOT true?',NULL,NULL,0,'2013-03-16 06:24:24',5,7.2000,0.8000,19.6000,''),(166,58,'From the article \'Changing the world\', what Ecological Economics is?',NULL,NULL,0,'2013-03-16 07:33:51',3,8.6667,0.6667,23.0000,''),(167,58,'What is the no.1 question most effective of \'Places to intervene in a system\'?',NULL,NULL,0,'2013-03-16 07:38:15',2,9.0000,0.0000,15.5000,''),(168,53,'From the rules of the system, what is an example that especially powerful levers that change the rules of the system and guide our behavior?',NULL,NULL,0,'2013-03-16 08:01:23',4,7.0000,0.7500,16.2500,''),(169,53,'Supplement strategies are most suitable in which situations?',NULL,NULL,0,'2013-03-16 08:18:38',3,8.6667,1.0000,32.0000,''),(170,55,'Which of the following that Meadows identified as the second most powerful leverage point ?',NULL,NULL,0,'2013-03-16 08:50:20',2,7.0000,1.0000,37.0000,''),(171,55,'To effectively facilitate the development of governance structure, what is the important thing that the companies must able to do?',NULL,NULL,0,'2013-03-16 08:51:45',1,8.0000,1.0000,11.0000,''),(172,41,'According to public responsibility and private enterprise in developing countries article, what is correct about CSR?',NULL,NULL,0,'2013-03-16 09:41:46',1,6.0000,1.0000,29.0000,''),(173,41,'Which of public responsibility strategies that make impact on provision of key public services?',NULL,NULL,0,'2013-03-16 09:43:23',3,8.0000,1.0000,33.6667,''),(174,63,'Who said \" the world is getting better, but it\'s not getting better fast enough, and it\'s not getting better for everyone.\" at the 2008 World Economic Forum?',NULL,NULL,0,'2013-03-16 10:03:03',1,10.0000,1.0000,7.0000,''),(175,63,'Which Public Responsibility Strategies scope on privatization of government services?',NULL,NULL,0,'2013-03-16 10:07:10',1,8.0000,1.0000,24.0000,''),(176,47,'What is not an example of stimulate strategy? ',NULL,NULL,0,'2013-03-16 11:08:53',1,8.0000,0.0000,24.0000,''),(177,47,'What is not the benefit for private enterprise for support strategy?',NULL,NULL,0,'2013-03-16 11:12:53',NULL,NULL,NULL,NULL,''),(178,32,'What is not a good scenario to use supplement strategy?',NULL,NULL,0,'2013-03-16 13:23:04',NULL,NULL,NULL,NULL,''),(179,32,'What can result from a supplement strategy?',NULL,NULL,0,'2013-03-16 13:29:14',NULL,NULL,NULL,NULL,''),(181,28,'Q','http://www.youtube.com/v/iYQDD_uPS3c','document',1,'2013-03-18 10:03:26',4,6.5000,0.0000,18.7500,''),(182,5,'HhDjfjfkdkk','image.jpg','image',0,'2013-03-20 10:31:54',NULL,NULL,NULL,NULL,''),(184,80,'where and when are going to happen the next olimpic games?','','image',1,'2013-03-21 10:15:02',9,7.1111,0.8889,16.7778,''),(183,74,'What is the secret of life, the universe and everything?','','image',1,'2013-03-21 10:12:02',12,5.5000,0.4166,14.9167,''),(185,69,'How many time zones are there in Brasil?','','image',0,'2013-03-21 10:23:15',4,6.0000,0.2500,12.2500,''),(186,80,'How many states are there in Brazil?','','image',0,'2013-03-21 10:26:47',2,8.0000,1.0000,11.0000,''),(187,79,'How many mobile devices are in Brazil?','','image',0,'2013-03-21 10:21:54',4,7.0000,0.2500,30.5000,'mobile'),(188,68,'How long does a group of Brazilians take to go from Boston to NY under a snow storm?','','image',0,'2013-03-21 10:22:21',4,7.0000,0.2500,12.7500,''),(189,80,'How is the best soccer time in Brazil?','','image',0,'2013-03-21 10:23:04',4,6.5000,0.5000,16.7500,''),(190,88,'Why is Brazil named Brazil?','','image',0,'2013-03-21 10:23:38',5,6.4000,0.8000,24.2000,'History, 1st Grade'),(191,89,'The square root of  256 is?','','image',0,'2013-03-21 10:23:47',3,6.0000,0.6667,28.6667,'Math'),(192,66,'Where is located this place in Brazil??','Esplanada_dos_Ministérios,_Brasília_DF_04_2006_(modificada).jpg','image',0,'2013-03-21 10:23:47',3,7.3333,1.0000,9.0000,''),(193,84,'What is the best soccer`s country? ','','image',0,'2013-03-21 10:23:50',2,6.0000,0.5000,36.5000,''),(194,72,'What is the Brazilian capital?','','image',0,'2013-03-21 10:24:01',3,6.0000,0.6667,10.3333,''),(195,65,'What\'s the Brazilian\'s capital?','','image',0,'2013-03-21 10:24:07',2,4.0000,0.5000,4.5000,'Brazil,general knowlege'),(196,81,'quantos alunos este grupo representa?','','image',0,'2013-03-21 10:24:18',6,5.6667,0.1667,14.0000,''),(197,69,'What is the political party of the current President of Brasil (2013)?','','image',0,'2013-03-21 10:24:38',6,6.3333,1.0000,11.1667,''),(198,80,'What is the program of literacy that some states of Brazil have adopted that mobilized teachers against it?','','image',0,'2013-03-21 10:24:50',4,5.5000,0.5000,28.7500,''),(199,72,'Where is located Brazil?','','image',0,'2013-03-21 10:24:52',4,8.0000,1.0000,7.2500,''),(200,74,'Whats is the biggest Brazilian state (in area)?','','image',0,'2013-03-21 10:26:11',4,6.5000,1.0000,7.0000,''),(201,85,'In Portuguese desapercebido means','','image',0,'2013-03-21 10:31:05',2,9.0000,0.0000,10.5000,'ortografia'),(202,72,'What is the Brazilian population?','','image',0,'2013-03-21 10:26:22',3,4.0000,1.0000,11.0000,''),(203,79,'How many brazilians are in Brazil?','','image',0,'2013-03-21 10:26:41',3,7.3333,0.3333,11.3333,''),(204,65,'When is the Brazilina\'s carnaval?','','image',0,'2013-03-21 10:26:45',2,6.0000,1.0000,7.5000,'Brazil, knpowledge'),(205,75,'What are the colors on brazilian\'s flag?','image.jpg','image',0,'2013-03-21 10:26:47',2,7.0000,1.0000,16.0000,''),(206,70,'How many cities will receive games in world cup in 2014?','','image',0,'2013-03-21 10:26:59',6,6.3333,0.3333,15.5000,''),(207,68,'Wikipedia is usually criticized for not always being accurate, therefore not appropriate for kids in school. Which of the following could be alternatives to use Wikipedia at school? (mark all that apply)','','image',0,'2013-03-21 10:27:09',6,7.3333,1.0000,32.8333,'wikipedia, methodology, critical thinking'),(208,67,'which version of  Smile can we use in a country like Brazil, that has not internet access even in the smallest city?','th.jpg','image',0,'2013-03-21 10:27:17',4,8.0000,1.0000,17.5000,'geography, maps, internet'),(209,77,'When was the scientist Vital Brazil born?','','image',0,'2013-03-21 10:27:34',3,8.0000,1.0000,15.6667,''),(210,76,'what a wonderful place to visit in Brasil?','','image',0,'2013-03-21 10:27:53',3,8.0000,0.6667,10.0000,''),(211,1,'How large is the Brazillian economy by GDP?','','image',1,'2013-04-09 10:44:32',2,6.0000,0.5000,8.0000,'Economics'),(212,83,'Where is this Museum?','Louvre. Romulo.png','image',0,'2013-03-21 10:28:45',3,4.0000,1.0000,16.0000,''),(213,72,'What position is the Brazilian economy in the world ranking?','','image',0,'2013-03-21 10:30:59',1,10.0000,1.0000,12.0000,''),(214,82,'How to make mobile learning tools?','','image',0,'2013-03-21 10:28:55',2,9.0000,1.0000,14.5000,'education'),(215,74,'Which of the following states are not part of the Amazon rainforest','','image',0,'2013-03-21 10:28:58',2,7.0000,1.0000,20.5000,''),(216,66,'The final game of the 2014 World Cup will be played at this stadium. Where is it located? ','','image',0,'2013-03-21 10:31:05',3,5.3333,1.0000,8.6667,''),(217,86,'What is the largest public school system in Latin America?','','image',0,'2013-03-21 10:30:06',2,8.0000,0.0000,22.5000,''),(218,80,'How is the best toon ever?','','image',0,'2013-03-21 10:30:17',3,5.3333,1.0000,19.0000,''),(219,78,'The Modernism in Literature, in Brazil, had three phases. We can afirm that these three authors represent each phase, respectively:','','image',0,'2013-03-21 10:30:58',2,8.0000,0.5000,13.0000,'Portuguese, 12th grade, Literature'),(220,73,'What is SMILE','smile.jpg','image',0,'2013-03-21 10:31:02',1,10.0000,1.0000,11.0000,'education, tecnoloogy'),(221,74,'What is the secret of life, the universe and everything?','','image',0,'2013-03-21 10:31:13',1,4.0000,0.0000,14.0000,''),(222,91,'Quantos planetas existem no nosso sistema solar?','http://www.youtube.com/v/904StxyJj7A','document',1,'2013-04-01 07:20:36',2,8.0000,1.0000,19.5000,'astronomia,ciência,planetas,sistema,solar'),(223,95,'What are the states of matter?','','image',1,'2013-04-05 15:15:41',2,2.0000,0.5000,9.5000,'1st grade'),(224,95,'What part of a plant gets nutrients?','','image',1,'2013-04-05 15:18:53',4,5.0000,0.7500,9.0000,'1st grade, science'),(225,32,'What is not included in the creativity loop?','','image',0,'2013-04-09 09:28:05',6,6.3333,1.0000,23.3333,''),(226,63,'Yesterday, who did we talk to?','','image',0,'2013-04-09 09:31:02',3,2.0000,1.0000,23.6667,''),(227,59,'What is a repeatable business?','','image',0,'2013-04-09 09:31:19',7,6.8572,0.5715,37.7143,''),(228,61,'How many start-ups by Steve Blank went to public?','','image',0,'2013-04-09 09:31:36',5,6.4000,0.2000,14.0000,''),(229,63,'What is the name of school that is soooooo CREATIVE???','','image',0,'2013-04-09 09:32:02',8,4.2500,1.0000,15.8750,''),(230,32,'In the education system are we taught to answer what kind of questions ?','','image',0,'2013-04-09 09:33:38',6,6.3333,1.0000,98.0000,''),(231,59,'What is a scalable business?','','image',0,'2013-04-09 09:34:11',3,8.0000,1.0000,15.3333,''),(232,56,'Which one could effect the change in creativity?','','image',0,'2013-04-09 09:34:11',3,8.0000,1.0000,25.0000,''),(233,40,'What S.M.I.L.E. stands for?','','image',0,'2013-04-09 09:34:23',4,6.0000,1.0000,15.7500,''),(234,42,'According to lecture by Tina Seelig, which one is a tool box for imagination?','','image',0,'2013-04-09 09:34:55',3,8.0000,1.0000,16.6667,''),(235,61,'? + ? = 10\n\nHow many answers to solve this problem?','','image',0,'2013-04-09 09:35:44',8,7.0000,1.0000,11.6250,''),(236,43,'What is the Steve Blank home address?','','image',0,'2013-04-09 09:35:49',7,2.5715,1.0000,10.4286,''),(237,58,'How to SMILE does not help mobile education go global','','image',0,'2013-04-09 09:36:30',2,7.0000,0.5000,95.5000,''),(238,38,'What is the process that help create the Imagination?','','image',0,'2013-04-09 09:36:52',5,7.2000,0.6000,27.6000,''),(239,56,'How the knowledge lead to get more resources?','','image',0,'2013-04-09 09:37:09',3,8.6667,0.6667,26.3333,''),(240,35,'Which question does not lead to get creative solution?','','image',0,'2013-04-09 09:37:34',4,7.0000,0.5000,34.0000,''),(241,52,'What should be the first step of starting to be entrepreneur?','','image',0,'2013-04-09 09:37:56',7,8.0000,0.5715,31.8572,''),(242,47,'Which of the following is considered to be creativity?','','image',0,'2013-04-09 09:38:10',6,7.0000,1.0000,33.6667,''),(243,53,'According to Steve Blank, which one is more about caring in training?','','image',0,'2013-04-09 09:38:54',4,6.5000,0.7500,14.7500,''),(244,55,'Which one is not framework that Tina on creativity framework ?','','image',0,'2013-04-09 09:40:48',6,6.0000,1.0000,15.8333,''),(245,39,'Which of the following is not Silicon Valley culture?','','image',0,'2013-04-09 09:41:04',3,5.3333,0.6667,582.0000,''),(246,41,'What is the characteristic of mentor?','','image',0,'2013-04-09 09:41:16',5,6.4000,1.0000,15.0000,''),(247,48,'Which is not need to be considered for \"good experiment\" or prototype?','','image',0,'2013-04-09 09:43:21',3,5.3333,1.0000,14.6667,''),(248,56,'Which is incorrect?','','image',0,'2013-04-09 09:44:27',2,8.0000,0.5000,27.5000,''),(249,30,'What is the biggest challenge implementing car pooling mobile application in Thai context.','','image',0,'2013-04-09 09:45:23',6,7.6667,0.8333,17.1667,''),(250,32,'What art Mrs. Seelig likes to use to expose her theories of Connect & Combine?','','image',0,'2013-04-09 09:45:40',4,7.5000,0.7500,39.5000,''),(251,36,'What is the reason behind Chindoku inventions?','','image',0,'2013-04-09 09:47:25',5,8.0000,0.6000,29.8000,''),(252,55,'Who is not the one who drove  to park at Stanford guesthouse after visited Steve Blank?','','image',0,'2013-04-09 09:48:07',3,2.6667,0.6667,34.0000,''),(253,32,'which of the following is/are in the creativity loop?','','image',0,'2013-04-09 10:20:24',1,10.0000,1.0000,33.0000,''),(254,35,'Tina Seelig ??????????????????????????????????? Puzzle Building ????????????????????????????? ???????????????????????????????????????????????????? ????????????????????????????????????','','image',0,'2013-04-09 10:31:43',NULL,NULL,NULL,NULL,''),(255,103,'What are you?','','image',0,'2013-04-09 15:42:52',7,7.7143,0.7143,5.8571,'Biology'),(256,101,'What is the biggest bone in the ear?','','image',0,'2013-04-09 15:43:51',11,6.9091,0.3636,10.5455,'7th, Biology'),(257,100,'What is the name of a programmed cell suicide mechanism?','','image',0,'2013-04-09 15:44:40',9,3.7778,0.4444,13.2222,'BIology'),(258,112,'Is a flarp a type of animal?','','image',0,'2013-04-09 15:44:52',9,4.4444,0.8889,5.1110,'biology'),(259,105,'What do ribosomes do in cells?','','image',0,'2013-04-09 15:46:46',8,6.2500,0.6250,13.8750,'biology, cellular biology'),(260,110,'Do people have legs?','','image',0,'2013-04-09 15:46:55',7,6.0000,0.2857,8.7143,''),(261,111,'Are Y chromosomes in men or women?','','image',0,'2013-04-09 15:47:24',6,6.0000,0.5000,20.0000,''),(262,106,'What is the only bone in the human body that is not attached to another bone?','','image',0,'2013-04-09 15:47:26',7,6.0000,0.0000,14.1429,''),(263,103,'How much can Bamboo grow a day?','','image',0,'2013-04-09 15:47:30',6,5.6667,0.5000,8.5000,'biology'),(264,108,'What are the two groups that cells can be classified in?','','image',0,'2013-04-09 15:47:35',7,7.1429,0.8571,14.1429,'SciOly, Biology, Cells'),(265,107,'How many bones are in the human body','bones1.jpg','image',0,'2013-04-09 15:47:45',7,7.4285,0.5715,9.8571,''),(266,102,'What sense does the eye control?','','image',0,'2013-04-09 15:48:28',4,7.5000,1.0000,8.0000,'Biology'),(267,104,'How do box jellies avoid bumping into and tangling in objects? ','Box Jellyfish5.jpeg',NULL,0,'2013-04-09 15:49:09',3,6.6667,0.3333,18.0000,'biology, (marine)'),(268,101,'What does the pupil do?','','image',0,'2013-04-09 15:49:23',6,7.0000,0.5000,7.3333,''),(269,108,'What is the body system that digests food?','','image',0,'2013-04-09 15:49:36',5,7.2000,1.0000,5.8000,'SciOly, Biology, Body Systems'),(270,103,'What is the best starter Pokemon','','image',0,'2013-04-09 15:51:35',5,8.4000,0.4000,6.6000,'Biology'),(271,110,'BJKLMKNJNVYTUVYCDRTDJRTYFTUIHIUGILUY','','image',0,'2013-04-09 15:51:37',4,8.5000,0.5000,8.0000,''),(274,107,'What is the best internet meme?','','image',0,'2013-04-09 15:53:21',4,4.5000,0.5000,6.5000,''),(272,102,'What structure in the eye focuses light?','','image',0,'2013-04-09 15:52:46',3,8.0000,1.0000,14.6667,'Biology'),(273,109,'Cells are in our body','','image',0,'2013-04-09 15:53:03',4,5.5000,1.0000,6.5000,''),(275,104,'what is the main way hard corals get nutrients in the daytime?','','image',0,'2013-04-09 15:53:35',6,6.0000,0.5000,13.0000,'marine bio'),(276,106,'What is the point in the eye that gives you the sharpest vision?','','image',0,'2013-04-09 15:54:28',5,4.0000,0.2000,10.4000,''),(277,103,'How is a Banana tree formed?','','image',0,'2013-04-09 15:54:43',6,6.3333,0.3333,7.6667,'biology'),(278,104,'An orca whale\'s diet are made up of the following:','url.jpeg',NULL,0,'2013-04-09 15:57:32',5,7.2000,0.6000,7.2000,'marine bio'),(279,110,'KEVIN\'S HOT','','image',0,'2013-04-09 15:58:58',4,2.5000,0.7500,11.0000,''),(280,111,'ALVIN HATES ME','','image',0,'2013-04-09 16:02:12',6,4.6667,1.0000,8.1667,''),(281,107,'Kevin loves...','','image',0,'2013-04-09 16:03:20',6,4.3333,0.1667,11.5000,''),(282,105,'the gastrocnemius is what muscle','','image',0,'2013-04-09 16:06:16',4,7.5000,0.5000,9.5000,''),(283,103,'What are you?','','image',1,'2013-04-09 16:08:03',3,4.0000,0.6667,5.3333,'Biology'),(284,101,'What is the biggest bone in the ear?','','image',1,'2013-04-09 16:08:03',5,6.4000,0.4000,7.6000,'7th, Biology'),(285,100,'What is the name of a programmed cell suicide mechanism?','','image',1,'2013-04-09 16:08:03',5,7.2000,0.4000,4.8000,'BIology'),(286,112,'Is a flarp a type of animal?','','image',1,'2013-04-09 16:08:03',3,2.0000,0.6667,6.3333,'biology'),(287,105,'What do ribosomes do in cells?','','image',1,'2013-04-09 16:08:03',3,6.0000,0.6667,5.0000,'biology, cellular biology'),(288,110,'Do people have legs?','','image',1,'2013-04-09 16:08:03',3,4.6667,0.6667,7.6667,''),(289,111,'Are Y chromosomes in men or women?','','image',1,'2013-04-09 16:08:03',2,3.0000,0.5000,4.0000,''),(290,106,'What is the only bone in the human body that is not attached to another bone?','','image',1,'2013-04-09 16:08:03',2,6.0000,0.5000,10.0000,''),(291,103,'How much can Bamboo grow a day?','','image',1,'2013-04-09 16:08:03',0,0.0000,0.0000,0.0000,'biology'),(292,108,'What are the two groups that cells can be classified in?','','image',1,'2013-04-09 16:08:03',2,2.0000,0.5000,7.5000,'SciOly, Biology, Cells'),(293,107,'How many bones are in the human body','bones1.jpg','image',1,'2013-04-09 16:08:03',2,5.0000,0.5000,3.0000,''),(294,102,'What sense does the eye control?','','image',1,'2013-04-09 16:08:03',2,5.0000,1.0000,5.5000,'Biology'),(295,104,'How do box jellies avoid bumping into and tangling in objects? ','Box Jellyfish5.jpeg',NULL,1,'2013-04-09 16:08:03',2,5.0000,0.5000,7.5000,'biology, (marine)'),(296,101,'What does the pupil do?','','image',1,'2013-04-09 16:08:03',3,4.0000,0.6667,6.6667,''),(297,108,'What is the body system that digests food?','','image',1,'2013-04-09 16:08:03',3,4.0000,1.0000,5.0000,'SciOly, Biology, Body Systems'),(298,103,'What is the best starter Pokemon','','image',1,'2013-04-13 13:22:15',4,5.0000,0.5000,7.0000,'Biology'),(299,110,'BJKLMKNJNVYTUVYCDRTDJRTYFTUIHIUGILUY','','image',1,'2013-04-09 16:08:03',2,6.0000,0.5000,13.0000,''),(300,102,'What structure in the eye focuses light?','','image',1,'2013-04-09 16:08:03',2,5.0000,0.5000,5.0000,'Biology'),(301,109,'Cells are in our body','','image',1,'2013-04-09 16:08:03',3,3.3333,1.0000,8.0000,''),(302,107,'What is the best internet meme?','','image',1,'2013-04-09 16:08:03',1,2.0000,1.0000,6.0000,''),(303,104,'what is the main way hard corals get nutrients in the daytime?','','image',1,'2013-04-09 16:08:03',2,2.0000,0.5000,7.5000,'marine bio'),(304,106,'What is the point in the eye that gives you the sharpest vision?','','image',1,'2013-04-09 16:08:03',2,7.0000,0.5000,7.0000,''),(305,103,'How is a Banana tree formed?','','image',1,'2013-04-09 16:08:03',1,6.0000,0.0000,10.0000,'biology'),(306,104,'An orca whale\'s diet are made up of the following:','url.jpeg',NULL,1,'2013-04-09 16:08:03',2,8.0000,0.5000,10.0000,'marine bio'),(307,110,'KEVIN\'S HOT','','image',1,'2013-04-09 16:08:03',2,2.0000,1.0000,12.0000,''),(308,111,'ALVIN HATES ME','','image',1,'2013-04-09 16:08:03',1,2.0000,1.0000,4.0000,''),(309,107,'Kevin loves...','','image',1,'2013-04-09 16:08:03',3,2.0000,0.3333,4.6667,''),(310,105,'the gastrocnemius is what muscle','','image',1,'2013-04-09 16:08:03',2,2.0000,0.5000,7.0000,''),(311,102,'What is the best string of words?','','image',0,'2013-04-09 16:10:11',4,3.0000,0.2500,8.0000,''),(312,113,'BANANANANANNANNANANANANANANANANANANANANA','','image',0,'2013-04-09 16:11:04',3,2.0000,0.0000,6.0000,''),(313,104,'does this question suck?','','image',0,'2013-04-09 16:19:26',1,2.0000,0.0000,11.0000,''),(314,112,'FLARP','','image',0,'2013-04-09 16:20:11',1,10.0000,1.0000,5.0000,'Awesomeness'),(315,106,'What is the biological macromolecule located in Western Fence Lizard Blood that is responsible for killing the bacteria that cause Lyme disease?','','image',0,'2013-04-09 16:23:28',NULL,NULL,NULL,NULL,''),(316,114,'What conditions cause a chemical reaction to be spontaneous at low temperatures?','','image',1,'2013-04-09 21:05:53',3,6.6667,0.3333,5.6667,'Chemistry, Thermochemistry'),(317,114,'How many hydrogen atoms are in 3-ethyl-2-pentene?','','image',1,'2013-04-09 21:11:52',3,6.6667,0.0000,5.3333,'Chemistry, Organic Chemistry, Chemical Nomenclature'),(318,114,'Convert 233 Kelvins to degrees Fahrenheit.','','image',1,'2013-04-09 21:15:47',3,7.3333,0.6667,6.0000,'Chemistry, Temperature Conversions, Thermochemistry'),(319,114,'Suppose you have a reaction in a 1-Liter closed container where 500mL of 0.200M aqueous AgNO3 solution reacts with 500mL of 0.300M aqueous KCl solution to produce AgCl, a precipitate. What is the value of the equilibrium constant?','','image',1,'2013-04-09 21:26:50',1,8.0000,0.0000,6.0000,'Chemistry, Equilibrium Expressions'),(320,114,'All of the following compounds are soluble in water, except:','','image',1,'2013-04-09 21:36:06',3,7.3333,0.3333,6.3333,'Chemistry, Solubility'),(321,114,'Suppose your Choice Specs Latios finishes off your opponent\'s Terrakion with Draco Meteor, and they switch in Volcarona. What do you do?','','image',1,'2013-04-09 21:47:41',3,3.3333,0.0000,36.6667,'Pokemon'),(322,114,'In a galvanic cell (one with zinc and copper plates submerged in solution with only a salt bridge connecting the compartments, and connected by wires), in which direction does the current flow, and on which plate does oxidation take place?','','image',1,'2013-04-09 21:54:50',3,8.0000,0.0000,13.6667,''),(325,94,'How do you calculate density?','','image',0,'2013-04-11 16:24:59',5,7.2000,1.0000,23.2000,''),(326,94,'Which of the following is NOT a strong acid?','','image',0,'2013-04-11 16:26:42',5,7.2000,0.4000,30.8000,''),(327,105,'Salt (sodium chloride) is what type of atomic bond?','','image',0,'2013-04-11 16:41:33',4,7.0000,1.0000,7.2500,'chemistry, atomic bonds,'),(328,94,'What is the pH if the [OH-] concentration is 6.1438 x 10^-6?','','image',0,'2013-04-11 16:47:52',5,5.6000,0.0000,27.8000,''),(329,114,'\"My name is _______, king of kings. Look at my works, ye mighty, and despair!\"','','image',1,'2013-04-11 16:54:32',4,4.0000,0.2500,8.5000,'Literature'),(330,106,'How many chemical reactions does glucose go through to become pyruvate? (Glycolysis)','','image',0,'2013-04-11 20:34:49',4,6.5000,0.0000,5.7500,''),(331,106,'Which element has the abbreviation Ce?','','image',0,'2013-04-11 20:36:06',4,6.5000,0.2500,6.0000,''),(332,101,'What is the freezing point of ethanol?','','image',0,'2013-04-12 17:59:20',4,6.0000,0.5000,6.2500,''),(333,101,'How much is a mole of gaseous Nitrogen?','','image',0,'2013-04-12 18:03:08',4,5.5000,0.2500,44.0000,''),(334,103,'Banana','','image',0,'2013-04-13 12:07:06',2,6.0000,0.0000,4.5000,''),(335,103,'how much energy can protein be converted to?\n\nchloe you shall restrain yo self','','image',0,'2013-04-13 12:12:59',2,6.0000,0.5000,35.5000,''),(336,103,'What are you?','','image',1,'2013-04-13 12:15:08',2,4.0000,0.0000,14.0000,''),(337,103,'Which is the best starter?','http://www.youtube.com/v/3DkqMjfqqPc','document',0,'2013-04-13 12:21:07',3,4.6667,1.0000,17.6667,''),(338,103,'b','','image',1,'2013-04-13 13:29:17',1,2.0000,0.0000,3.0000,''),(339,106,'Which of the following has a pH of around 2?','','image',0,'2013-04-13 16:03:10',2,8.0000,0.5000,13.5000,''),(340,106,'What is the commercial use milk of magnesia?','Milk of Magnesia.gif','image',0,'2013-04-13 16:07:32',2,7.0000,1.0000,11.0000,'Science, Chemistry'),(341,92,'Why do we celebrate July 4th?','','image',0,'2013-04-14 13:31:16',NULL,NULL,NULL,NULL,''),(342,92,'How old Is walker?','','image',0,'2013-04-14 14:47:56',1,8.0000,1.0000,8.0000,''),(343,182,'What is your birthday month?','','image',0,'2013-04-14 15:07:01',1,2.0000,0.0000,6.0000,''),(344,106,'What type of alcohol is edible (drinkable)?','','image',0,'2013-04-14 18:04:36',NULL,NULL,NULL,NULL,''),(345,106,'Which of the following is not a product of the first turn of the Citric Acid Cycle?','','image',0,'2013-04-14 18:10:10',NULL,NULL,NULL,NULL,''),(346,106,'Does blood have a higher pH than water?','','image',0,'2013-04-14 19:41:23',NULL,NULL,NULL,NULL,''),(347,106,'What happens if you mix yeast with hydrogen peroxide? (go ahead and try this at home if you want to...)','','image',0,'2013-04-14 19:43:52',NULL,NULL,NULL,NULL,''),(348,184,'Comparative Education is all about:','','image',0,'2013-04-15 18:30:42',1,4.0000,1.0000,32.0000,''),(349,186,'Who was the leading comparative international educator?','','image',0,'2013-04-15 18:32:08',1,8.0000,1.0000,89.0000,'international'),(350,185,'What are two of the eight of the millenium developmental goals?','','image',0,'2013-04-15 18:33:04',1,2.0000,0.0000,140.0000,''),(351,184,'Comparative Education, in order to be successful, involves:','','image',0,'2013-04-15 18:34:25',1,6.0000,1.0000,28.0000,''),(352,185,'This theory holds that contemporary economies can only be viable if based on the foundation of an educated, skilled, and technically competent labor force.','','image',0,'2013-04-15 18:34:46',1,6.0000,1.0000,41.0000,'');
/*!40000 ALTER TABLE `Question` ENABLE KEYS */;
UNLOCK TABLES;

--
-- Table structure for table `QuestionAnswer`
--

DROP TABLE IF EXISTS `QuestionAnswer`;
SET @saved_cs_client     = @@character_set_client;
SET character_set_client = utf8;
CREATE TABLE `QuestionAnswer` (
  `id` int(10) unsigned NOT NULL auto_increment,
  `question_id` int(10) unsigned NOT NULL,
  `answerText` text,
  `isCorrect` tinyint(1) NOT NULL default '0',
  `numResponses` int(10) unsigned NOT NULL default '0',
  PRIMARY KEY  (`id`),
  KEY `FK20F92F644A1B28E9` (`question_id`),
  KEY `FK20F92F649D5F6C50` (`question_id`),
  KEY `FK20F92F647695ACD7` (`question_id`),
  FULLTEXT KEY `answerText` (`answerText`)
) ENGINE=MyISAM AUTO_INCREMENT=1404 DEFAULT CHARSET=utf8;
SET character_set_client = @saved_cs_client;

--
-- Dumping data for table `QuestionAnswer`
--

LOCK TABLES `QuestionAnswer` WRITE;
/*!40000 ALTER TABLE `QuestionAnswer` DISABLE KEYS */;
INSERT INTO `QuestionAnswer` VALUES (1,1,'It is a elegant and formal way of speaking, used by nobles and other important characters from the upper class.',0,0),(2,1,'It has a kind of rhythmic pattern.',0,2),(3,1,'It rhymes.',0,0),(4,1,'A & B only.',1,1),(5,1,'All of the above.',0,3),(6,2,'4 + 70 + 32',0,0),(7,2,'4,000 + 70 + 32',0,0),(8,2,'4,000 + 70 + 0.3 + 0.02',1,8),(9,2,'4,000 + 70 + 0.3 + 0.2',0,0),(10,3,'The combination of evaporation (the movement of water to air from plants) and transpiration (the movement of water to air from trees).',0,1),(11,3,'The combination of evaporation (the movement of water to air from earth\'s surface) and transpiration (the loss of water vapor from plants).',1,1),(12,3,'The combination of evaporation (the movement of water into earth\'s surface) and transpiration (the physical change of water to gas).',0,0),(13,3,'None of the above.',0,2),(14,4,'None - FBT is not evidence based',0,0),(15,4,'FBT is as effective as individual approaches ',0,0),(16,4,'FBT out performs individual especially for patients with comorbidities',1,1),(17,4,'individual approaches have not been tested empirically and should never be tried.',0,0),(18,5,'Fact-based testing',0,0),(19,5,'Future Biologists Training',0,1),(20,5,'None of the above',1,0),(21,6,'54',0,0),(22,6,'540',1,6),(23,6,'5410',0,0),(24,6,'1054',0,0),(25,7,'66',0,0),(26,7,'79',0,0),(27,7,'63',1,5),(28,7,'65',0,0),(29,8,'5',0,0),(30,8,'6',0,0),(31,8,'7',1,1),(32,8,'8',0,0),(33,9,'8',1,3),(34,9,'9',0,0),(35,9,'7',0,0),(36,9,'6',0,0),(37,10,'Red',0,0),(38,10,'Purple',0,0),(39,10,'Pink',1,2),(40,10,'Grey',0,0),(41,11,'30',1,2),(42,11,'29',0,0),(43,11,'78',0,0),(44,12,'Hou',0,0),(45,12,'Ad Hoc',0,0),(46,12,'Kim',0,0),(47,12,'Vong',1,2),(48,13,'Stanford mobile inquiry based learning experience',0,1),(49,13,'Standard mobile inquiry based learning experience',0,0),(50,13,'Stanford mobile inquiry based learning environment',1,1),(51,13,'Stanford mobile inquiry based live experience',0,0),(52,14,'4x+3=23',0,0),(53,14,'X+3=15',0,0),(54,14,'5x+5=55',1,1),(55,14,'X+2=11',0,0),(56,15,'7',1,7),(57,15,'5',0,0),(58,15,'8',0,0),(59,15,'6',0,0),(60,16,'9',0,0),(61,16,'7',0,0),(62,16,'6',0,0),(63,16,'8',1,5),(64,17,'Grey',0,0),(65,17,'Red',0,0),(66,17,'Pink',1,4),(67,17,'Purple',0,0),(194,51,'1-5th grades only',0,1),(193,51,'1st grade only',1,0),(71,19,'Vong',1,2),(72,19,'Kim',0,0),(73,19,'Ad Hoc',0,1),(74,19,'Hou',0,1),(75,20,'Standard mobile inquiry based learning experience',0,0),(76,20,'Stanford mobile inquiry based learning experience',0,1),(77,20,'Stanford mobile inquiry based live experience',0,0),(78,20,'Stanford mobile inquiry based learning environment',1,2),(79,21,'X+3=15',0,0),(80,21,'4x+3=23',0,0),(81,21,'5x+5=55',1,5),(82,21,'X+2=11',0,0),(83,22,'20',0,0),(84,22,'2',1,1),(85,22,'12',0,0),(86,22,'1.2',0,0),(87,23,'Elevate',0,0),(88,23,'Happiness',1,1),(89,23,'Boredom',0,0),(90,23,'Busy',0,0),(91,24,'2',0,0),(92,24,'10',1,1),(93,24,'20',0,0),(94,24,'11',0,0),(95,25,'Blue',0,0),(96,25,'Red',0,0),(97,25,'Green',0,0),(98,25,'Yellow',1,1),(99,26,'2xy -1',0,0),(100,26,'2xy -1y + 2x - 1',0,0),(101,26,'2xy - y + 2x + 1',0,0),(102,26,'2xy + y - 2x - 1',1,1),(103,27,'Cyan',1,1),(104,27,'Magenta',0,0),(105,27,'Red',0,0),(106,27,'White',0,0),(107,28,'1',0,0),(108,28,'3/2',0,0),(109,28,'2/3',1,0),(110,28,'4/3',0,0),(113,30,'415 degrees Celsius',0,2),(114,30,'415 degrees Fahrenheit',1,4),(115,31,'Bacteria',0,0),(116,31,'Rogue DNA fragments',0,1),(117,31,'Viruses',1,2),(118,31,'Fleas',0,0),(119,32,'1921',0,0),(120,32,'1908',0,1),(121,32,'1918',1,1),(122,32,'2007',0,0),(123,33,'Flu is short for influenza',0,0),(124,33,'Influenza attacks the respiratory system',0,0),(125,33,'The flu tends to spread more in the winter',0,0),(126,33,'Influenza is caused by a bacteria',1,4),(127,34,'Lower humidity dries out the nose and encourages breeding of bacteria.',1,0),(128,34,'Because it is better to sell medicine at that time.',0,0),(129,34,'People are often together indoors which allows flu to get passed on to many people.',1,2),(130,34,'Because people like to ski during that time.',0,0),(131,35,'Wash your hands frequently, especially in the winter',0,0),(132,35,'Encourage people who are sick to stay home if they have the flu',0,0),(133,35,'Eat red meat',0,0),(134,35,'A and B only',1,1),(135,35,'A and C only',0,0),(136,35,'All of the above',0,0),(137,36,'Drink lots of fluid',1,1),(138,36,'Take herbal medicine',1,1),(139,36,'Just lie down and sleep until the flu is gone',0,0),(140,36,'Take a precaution by doing exercise and live a healthy lifestyle',1,0),(141,37,'Yes',1,1),(142,37,'No',0,1),(143,37,'Not Sure',0,0),(144,38,'A particularly virulent strain of flu bacteria',0,0),(145,38,'A strain of the flu that spread in 1918',1,1),(146,38,'A diagnosis in which a patient has two different strains of flu at the same time',0,0),(147,39,'Upset stomach',0,0),(148,39,'High fever',0,0),(149,39,'Runny nose',0,0),(150,39,'Feeling happy',1,1),(151,40,'Since it is cold weather, people stay inside more often making the virus to spread more easily',1,1),(152,40,'Because you catch flu ONLY during winter time',0,0),(153,40,'Because it is more dry during winter and dry out our nasal passages ',1,0),(154,40,'Because people are not careful during winter',0,0),(155,41,'none',0,0),(156,41,'more than 1,000,000 people',0,0),(157,41,'less than 1,000,000 people',0,1),(158,41,'ask google',1,0),(159,42,'fever, cold hands, body aches',0,0),(160,42,'runny nose, upset stomach, faster heart rate',0,0),(161,42,'fever, runny nose, body aches',1,1),(162,42,'chills, upset stomach, sore eyes',0,0),(163,43,'Single word only.',0,0),(164,43,'A whole sentence.',0,0),(165,43,'Two or three sentences. Or, maybe even a few more.',0,0),(166,43,'Class Participation is a significant part of the course grade.  In order to participate fully you must read and understand the assigned reading selections, and be prepared to discu',1,1),(167,44,'taxi drivers',0,0),(168,44,'confusion',1,0),(169,44,'lack of funding',0,1),(170,44,'corruption',0,0),(171,45,'Just distribution',0,1),(172,45,'Sustainable scale',1,2),(173,45,'Efficient allocation',0,1),(174,46,'Efficient allocation',0,0),(175,46,'Just distribution',1,1),(176,46,'Sustainable scale',0,0),(177,47,'Be thorough in your communications by making sure you include tangential information that may be of interest to some of your audience.',1,0),(178,47,'Don\'t include graphics that might be too complicated unless you can take the time to explain them.',0,0),(179,47,'Communications usually include an introduction, the main body of the communication, and the conclusion.',0,0),(180,47,'Include issues that are critical to understand to solve the problem, even if they are boring.',0,0),(181,48,'The traffic is bad.',0,0),(182,48,'I have a headache.',0,0),(183,48,'My boss kept me late at work.',1,0),(184,48,'I didn\'t do the reading.',0,1),(185,49,'To make the world a better place.',0,1),(186,49,'To die.',0,0),(187,49,'To have fun while it lasts.',0,0),(188,49,'To work so our lives will be better next time.',1,0),(189,50,'Be thorough in your communications by making sure you include tangential information that may be of interest to some of your audience.',1,2),(190,50,'Don\'t include graphics that might be too complicated unless you can take the time to explain them.',0,2),(191,50,'Communications usually include an introduction, the main body of the communication, and the conclusion.',0,0),(192,50,'Include issues that are critical to understand to solve the problem, even if they are boring.',0,1),(195,51,'1-12 grades',0,1),(196,51,'6-12 grades only',0,3),(197,52,'100%',0,0),(198,52,'75%',0,1),(199,52,'50%',0,2),(200,52,'25%',1,3),(201,53,'7 billion people',0,1),(202,53,'6 billion people',1,2),(203,53,'4 billion people',0,1),(204,53,'2 billion people',0,0),(205,54,'True',0,1),(206,54,'False',1,1),(207,54,'Unsure',0,0),(208,55,'Technology',0,0),(209,55,'Content',0,1),(210,55,'Pedagogy',0,4),(211,55,'Value perception',1,3),(212,56,'Yes',0,1),(213,56,'No',1,0),(214,57,'Wifi',0,0),(215,57,'Bluetooth',0,0),(216,57,'Httpd',1,0),(217,57,'Zig bee ',0,0),(218,58,'Ms. Butter does not eat any vegetable because it will destroy forest and increase Carbon sequestration',0,0),(219,58,'Steve tries to match every green things he saw while he was walking in the forest to the lesson in his class.',0,0),(220,58,'Roberto always turns off air-condition when he does not use it and tell other people to do so.',1,18),(221,58,'TorTri always drink alcohol because he wants to absorb heat from the biosphere.',0,0),(222,59,'The study of the percentage of children who regularly attend school.',0,3),(223,59,'The study of how much access to medical care is available in towns with populations of 10,000 to 50,000 people.',0,1),(224,59,'The analysis of the particular country whether the country can pay its debt.',1,9),(225,59,'The analysis of an outcome of the first leftist president, and the political leader\'s policy.',0,1),(226,60,'United States',0,0),(227,60,'Cuba',1,20),(228,60,'France',0,0),(229,60,'Japan',0,1),(230,61,'Plan out the communication strategy',0,0),(231,61,'Choose the format for communication',0,1),(232,61,'Engage stakeholders',0,1),(233,61,'Decide on its purpose',1,18),(234,62,'China',1,23),(235,62,'United States',0,0),(236,62,'Australia',0,0),(237,62,'Japan',0,1),(238,63,'Political risk analysis tells you that the country can pay its debt whereas economic risk analysis tells you whether the country will pay its debt.',1,13),(239,63,'Political analysis is more subjective to bias than economic analysis.',0,1),(240,63,'Political risk variables are more difficult to measure then economic variables.',0,0),(241,64,'Emerging market countries are generally in the low-moderate stability range.',0,1),(242,64,'Emerging markets maybe defined as state in which politics matters at least as much as economics.',1,3),(243,64,'Openness of information always leads to the stability of country.',0,1),(244,65,'Timor-Leste, Panama, Sri Lanka, Bangladesh',0,0),(245,65,'Egyp, Indonesia, Pakistan, Saudi Arabia',0,0),(246,65,'Haiti, Iraq, Ivory Coast, Somalia, Sudan',1,11),(247,65,'Afghanisan, Bosnia Herzegovina, Mozambique, Nigeria, North Korea',0,2),(248,66,'The speaker must unsure that all the audience can see and hear him/her.',0,2),(249,66,'The audience cannot rewind or flip back to a page if it misses something.',0,0),(250,66,'The relationship between the speaker and audience is one-way communication.',1,5),(251,66,'The audience will judge the speaker on his/her mannerisms and appearance.',0,0),(252,67,'They ussualy keep away from investments which involve infrastructure or property risks.',0,0),(253,67,'high tolerance for risk and relying on mitigation techniques to manage their exposure',0,0),(254,67,'They prefer not to hurry and rather wait how situations evolve.',1,2),(255,67,'They never penetrate risky markets without solid insurance against political risks.',0,0),(256,68,'Offshoring trend is growing',0,1),(257,68,'The United States is making the world a more stable place, which has changed risk calculations everywhere.',1,7),(258,68,'International markets are more interconnected than ever before.',0,0),(259,68,'The world is increasingly dependent for energy on states ',0,1),(260,69,'Economic risk analysis is more subjective than political risk analysis.',0,2),(261,69,'Focusing on economic risk analysis conceals us from visualize other potential threats.',1,9),(262,69,'Economic risk analysis tells corporate leaders whether a particular country can pay its debt.',0,0),(263,70,'Proof Read',0,0),(264,70,'Identify the stakeholders',1,1),(265,70,'Rewrite',0,0),(266,70,'Draft work to the professor',0,1),(267,71,'The attack on the World Trade Center makes the world a more volatile place.',0,1),(268,71,'The world consumes more energy than before therefore it is increasingly dependent for energy on political instability countries.',0,0),(269,71,'Businesses shift to countries whose politics is stable.',1,8),(270,71,'International markets are more interconnected and political risks in one country could easily impact another country.',0,0),(271,72,'Audiences are open-minded',0,0),(272,72,'Respect the audience\'s opinion',0,0),(273,72,'Ideological bias from audiences',0,3),(274,72,'None',1,2),(275,73,'The content and format of the informative brochure will depend on intended audience.',0,1),(276,73,'Press conferences is a powerful tools that always create positive effect in communication.',1,6),(277,73,'Website is considered as good source of communication since it is readily accessible to many stakeholder groups.',0,0),(278,73,'None of the above',0,1),(279,74,'Hugo Chavez, ex-president of Venezuela was dead from cancer.',0,4),(280,74,'Shinso Abe, prime minister of Japan, selected Haruhiko Kuroda to be a new chief of Bank of Japan.',0,0),(281,74,'Xi JinPing became the new leader of China',0,0),(282,74,'Lee Kuan Yew ensured that India will be one of the biggest economic country in the world.',1,5),(283,75,'Can inform the local community',0,0),(284,75,'Brief description of the problem and potential solutions in clear',1,10),(285,75,'Readily accessible to many stakeholder groups',0,0),(286,75,'Provide as much information as you and your audience would like',0,0),(287,76,'Society',0,0),(288,76,'Technology',1,12),(289,76,'Government',0,0),(290,76,'Economic',0,0),(291,77,'audience\'s education background',0,1),(292,77,'audience\'s level of interest relating subject matter',0,1),(293,77,'audience\'s point of view relating subject matter',0,0),(294,77,'All are helpful',1,8),(295,77,'None is helpful',0,0),(296,78,'Demonstrations in Egypt',0,0),(297,78,'A transfer of political power in Cuba',0,0),(298,78,'Thousands of refugees fleeing from North Korea into China',1,13),(299,79,'International markets are more interconnected than ever before',0,0),(300,79,'The world is increasingly dependent for energy on states troubled by considerable political risk',0,0),(301,79,'The offshoring trend is growing',0,1),(302,79,'The political effect in each country is connected to other countries',1,11),(303,80,'Passage of laws',0,0),(304,80,'Mistake of leaders',0,0),(305,80,'Other countries regulations',1,6),(306,80,'Popular movement',0,3),(307,81,'Poverty',0,0),(308,81,'Nuclear Crisis',1,5),(309,81,'Standard of Living',0,1),(310,81,'Oil Price',0,0),(311,82,'Social factors',0,0),(312,82,'Economic factors',0,0),(313,82,'Political factors',1,6),(314,82,'Technological factors ',0,0),(315,83,'Government, Society, Security and Economy',1,2),(316,83,'Income per capita, GDP, Import, Export',0,0),(317,83,'Economy, Amount of population, Religion',0,1),(318,83,'Education level, National Resource, Wealth',0,0),(319,84,'The world is increasingly dependent for money',0,2),(320,84,'Off-shoring trend is growing ',0,0),(321,84,'International markets are more interconnected',1,11),(322,84,'China is making the world a more volatile place',0,0),(323,85,'Because it tells corporate leaders whether that country will pay debt or not.',0,0),(324,85,'Because it able to detect silver linings in economists\' dark clouds.',0,0),(325,85,'Because it tells stability of that country and help corporate leaders making decisions.',0,1),(326,85,'All of above',1,12),(327,86,'GDP per capita',0,1),(328,86,'Economic growth',0,0),(329,86,'Inflation',0,0),(330,86,'None of Above',1,3),(331,87,'A color-coded political conflict',0,1),(332,87,'Huge corruption',0,0),(333,87,'Unfair governmental system',0,0),(334,87,'All of Above',1,2),(335,88,'India had low scores in term of security due to the continuing Kashmir violence\n',0,1),(336,88,'The fators affecting stability consist of Government, Society, Seurity and Economy',0,0),(337,88,'The stability level of India is in the moderate level\n',1,0),(338,88,'None of the above',0,1),(339,89,'political system',0,0),(340,89,'stability',1,1),(341,89,'relationsships with other countries',0,0),(342,89,'state of economy',0,0),(343,90,'strategy',0,1),(344,90,'economic goals',1,0),(345,90,'industry',0,0),(346,90,'risk tolerance',0,0),(347,91,'Ms. Liger uses some graphics in her presentation in order to grab the audience attention',0,0),(348,91,'Mr. Edward uses the reliable reference data sources in his presentation',0,0),(349,91,'Ms. Gaga gives too much detail in her presentation',1,5),(350,91,'None of the above',0,1),(351,92,'specific leadership change',0,1),(352,92,'poor past performance',0,0),(353,92,'demonstrations closed city streets',1,1),(354,92,'when a country is politically closed but economically open',0,2),(355,93,'Government',0,1),(356,93,'Society',0,0),(357,93,'Security',0,0),(358,93,'Economy',1,4),(359,94,'They don\'t have good education',0,0),(360,94,'There are many great scientists in this world to compare',0,0),(361,94,'They failed to effectively communicate their results',1,6),(362,94,'They don\'t know how to work with the team to contribute more impact',0,0),(363,95,'The unit of measure for political risk.',1,2),(364,95,'The unit of measure for economical risk',0,0),(365,95,'The unit of measure for environment risk',0,0),(366,95,'The unit of measure for humanity risk',0,1),(367,96,'Saudi Arabia is ones of the powerful oil-produce country.',1,0),(368,96,'Saudi Arabia\'s stability is under religious, secular force and royal family. ',1,1),(369,96,'Saudi Arabia has a lot of oil terrorists.',0,1),(370,96,'The foreign governments froze Saudi Arabia assets.',0,0),(371,97,'Germany',1,5),(372,97,'Mexico',0,1),(373,97,'Russia',0,0),(374,97,'Iraq',0,1),(375,98,'Different stakeholders groups interest in different issues and may respond to different message',0,0),(376,98,'Help the presenter achieve the purpose of communication',0,0),(377,98,'Able to leverage audience with suitable and right information',0,0),(378,98,'All of the above',1,3),(379,99,'Reforms strain the relationships between national and regional leaders',0,0),(380,99,'Popular unrest is going up',0,0),(381,99,'China\'s bureaucracy lacks the administrative control on its economic',0,0),(382,99,'All of the above',1,7),(392,102,'Because politics is influenced by human behavior.',0,0),(391,102,'Because variables are difficult to measure.',0,0),(395,102,'Answer A and B is correct.',1,0),(394,102,'All of the answers above (answer A, B and C).',0,1),(393,102,'Because few people are working in the field of gathering these kinds of data.',0,0),(396,103,'the election of a new political leader.',0,0),(397,103,'the impact of politics on markets.',1,0),(398,103,'whether a country can pay its debt.',0,0),(399,104,' The biosphere is finite, none-growing, closed and constrained by laws of thermodynamics.',0,0),(400,104,'The study of microeconomics involves the careful measuring and balancing of costs and benefits to get a clear signal of when to stop expanding an activities.',0,0),(401,104,'Society is subsystem of economy',1,0),(402,105,'Limit use of all resources in levels of waste that the ecosystem can absorb.',0,0),(403,105,'Deplete nonrenewable resources at rate that do not exceed the rate of development of renewable substitutes.      ',0,0),(404,105,'Exploit renewable resources at rates that exceed the ability of ecosystem to generate the resources.',1,0),(405,105,'Both B and C are true.',0,0),(406,106,'Because the world is increasingly dependent for energy on states troubled by considerable political risk and offshoring is a growing trend.',0,0),(407,106,'Because the international markets are linked with one another, what happens in one country can create an impact on the others, shocks and stability of the country relationship.',0,0),(408,106,'Because political risk analysis define the impact of politics on markets which can tell whether the country will pay its debt.',0,0),(409,106,'All of the above are correct.',1,1),(410,107,'Buying insurance against political risks',0,0),(411,107,'Recruiting local partners',0,0),(412,107,'Paying ‘fees’ to some local government officers ',1,1),(413,107,'Limiting R&D in nations with leaky IP protection',0,0),(414,108,'Government: Political instability, rumors of military coups',0,0),(415,108,'Society: Red and Yellow allies',0,0),(416,108,'Security: Border issues with Cambodia, flooding situation',0,0),(417,108,'Economy: Inflation, minimum wage rise to 300 baht nationwide',0,0),(418,108,'All of above are CORRECT',1,1),(419,109,'Thailand faced biggest flooding at all time last year causing inestimable damage on GDP.',1,3),(420,109,'Iran\'s  Parliament passed legislation that complicates foreign companies\' abilities to plant stakes in that country\'s telecom sector.',0,0),(421,109,'Georgia altered the strategic calculus for investment in Caspian Sea energy development.',0,0),(422,109,'Brazil\'s government is pressing both its agencies and its citizens to adopt open-source software.',0,0),(423,110,'Mexico',0,0),(424,110,'Russia',0,1),(425,110,'Iraq',1,4),(426,110,'Egypt',0,0),(427,111,'Between 0-5%',0,0),(428,111,'Between 10-15%',0,0),(429,111,'Between 20-25%',1,3),(430,111,'Between 30-35%',0,0),(431,112,'International markets are more interconnected than ever before.',0,0),(432,112,'Offshoring trend is growing as businesses shift some operations to countries where labor is cheaper.',0,0),(433,112,'Most of international markets need to adjust and modify their products to meet local and regional demand.',1,1),(434,112,'The world is increasingly dependent for energy on states, like Saudi-Arabia or Iran, troubled by considerable political risk.',0,0),(435,113,'can be learned.',1,1),(436,113,'depends on the education level of those around you.',0,0),(437,113,'depends on not using technology to send messages.',0,0),(438,113,'is a natural talent that cannot be learned.',0,0),(439,114,'Government',0,0),(440,114,'Society',0,0),(441,114,'Security',0,0),(442,114,'Economy',1,0),(443,115,'Australia',0,0),(444,115,'Sudan',1,0),(445,115,'Nigeria',0,0),(446,115,'Mexico',0,0),(447,116,'Have to be clear no possibility of rewind',0,0),(448,116,'Interaction is very important to keep attention of audience alive',0,0),(449,116,'Appearance is not important ',1,0),(450,116,'Always have to be visible and loud enough for your audience',0,0),(451,117,'Cuba',0,0),(452,117,'South Africa',1,0),(453,117,'Russia',0,0),(454,117,'Myanmar',0,0),(455,118,'Passage of laws',0,0),(456,118,'The significants of possibilities',1,0),(457,118,'The foibles of leaders',0,0),(458,118,'The rise of popular movements',0,0),(459,119,'The chiarman of RBS',0,0),(460,119,'The president of Eurasia Group',1,0),(461,119,'The leader of political risk association',0,0),(462,119,'The man who disagree with political risk',0,0),(463,120,'Supplement ',0,1),(464,120,'Support ',0,0),(465,120,'Substitute',0,0),(466,120,'Stimulate',1,6),(467,121,'Supplement',1,6),(468,121,'Support',0,0),(469,121,'Substitute',0,1),(470,121,'Stimulate',0,0),(471,122,'Company A comes up with \"Growing forest campaign\" around Thailand.',1,4),(472,122,'Company B encourages farmers around Thailand to grow organic products.',0,0),(473,122,'Company C uses energy consumption as their company performance index.',0,3),(474,122,'Company D report Gas emission transpeaently',0,1),(475,123,'motivated by efficiency',0,0),(476,123,'increase shareholder value',0,0),(477,123,'limited enforcement of regulation',0,1),(478,123,'more power in society',1,15),(479,124,'lack of resources to tackle the overwhelming social problem',0,0),(480,124,'inequitable globalization system',0,0),(481,124,'lack of international governing bodies to keep up with economic activities',0,1),(482,124,'all of above',1,11),(483,125,'A major obstacle to solving ecological economic problem is an absence of information flows.',0,0),(484,125,'Diversity of political, social and economic systems are essential as it serve as building blocs for evolutionary change.',0,0),(485,125,'Determining policy required careful analysis because it can create many undesirable impacts.',0,0),(486,125,'In a market economy, prices function as a positive feedback loop as it determines proper resource allocation.',1,8),(487,126,'7 trillions',0,0),(488,126,'12 trillions',0,0),(489,126,'47 trillions',1,4),(490,126,'102 trillions',0,0),(491,127,'Man - to - Man',0,0),(492,127,'Minority - to - Minority',0,0),(493,127,'Minister - to -  Minister',0,0),(494,127,'Machine - to - Machine',1,12),(495,128,'Supplement and Support are in Non-Core operations',0,0),(496,128,'Scope of Stimulate are alternative economic model and market knowledge to influence goverment',0,0),(497,128,'Scope of Support is Privatization of goverment service',1,10),(498,128,'Key challenges of Subsitute are accommodating a public service agenda and legitimizing privatized governance',0,0),(499,129,'Calculating the chance of success',0,0),(500,129,'Public resistance',1,9),(501,129,'dealing with partner selection process',0,0),(502,129,'None of the above',0,1),(503,130,'numbers and material stocks & flows',0,0),(504,130,'regulating negative feedback loops and driving positive feedback loops',0,0),(505,130,'information flows and the power of self-organization ',0,0),(506,130,'rules of the system, goal of system and mindset of paradigm',0,0),(507,130,'marginal benefit and cost of goods sold',1,9),(508,131,'Everything that can be connected, will be connected accordingly.',1,10),(509,131,'Whatever will be will be; the future\'s not ours to see.',0,0),(510,131,'In the long run, machine can replace the human spark of spirit, compassion and understanding.',0,0),(511,131,'The terminator cannot self-terminate.',0,0),(512,132,'Only 1 choice correct',0,2),(513,132,'Only 2 choices correct',1,6),(514,132,'All correct',0,0),(515,132,'None correct',0,0),(516,133,'An absence of information flows or the flows of erroneous information. Without information flows, the goal cannot satisfy a suite of human needs.',0,0),(517,133,'An absence of information flows or the flows of erroneous information. Without information flows, the real problem is not realized, and so influencing the wrong layout of the plan.',1,11),(518,133,'Lack of appropriate goals of the system.  Without clear goals, GPI  cannot determined.',0,0),(519,133,'Lack of appropriate goals of the system.  Without clear goals, people are more less likely to act.',0,0),(520,134,'The future of the national success is based on our talents, and those talents lack of ability to support public responsibility.',0,0),(521,134,'Despite the growing demand of commodities, the country still suffers with a trade deficit.',0,0),(522,134,'The world is getting better, but it\'s not getting better fast enough, and it\'s not getting better for everyone.',1,4),(523,134,'All of above are incorrect.',0,6),(524,135,'Because this will make companies have good images',0,1),(525,135,'Because environmental financial impact will show how much companies\' operations are costing on earth and make them minimize these costs.',1,7),(526,135,'Because it is a requirement by laws that every companies have to follow',0,0),(527,135,'Because companies want to reduce rate of bribery and corruption in their companies',0,1),(528,136,'Greenhouse Gases',0,0),(529,136,'Water Abstraction',0,0),(530,136,'Acid Rain & Smog Precursors',0,0),(531,136,'Dust & Particles',0,0),(532,136,'All of the above',1,13),(533,137,'The Global initiative for sustainability',1,6),(534,137,'The Global initiative for reduce greenhouse gas emission',0,0),(535,137,'The Global initiative for growing corps of mainstream investment',0,0),(536,137,'The Global initiative for create standard',0,0),(537,138,'A change in the basic assumption within the ruling theory of science.',0,0),(538,138,'Changing in structured concept,idea or a practice',0,0),(539,138,'Evolution by natural selection',0,1),(540,138,'Tend to come from inside the popularized, mainstream and socila conscious',1,7),(541,139,'green house gas emission',0,0),(542,139,'water abstraction',0,0),(543,139,'acid rain and smog precursors',0,0),(544,139,'all of them',1,13),(545,140,'Aging population',0,1),(546,140,'Impacts of climate change',1,5),(547,140,'The rise of gay population',0,1),(548,140,'Poverty',0,1),(549,141,'Information flows',0,0),(550,141,'The rules of the system',0,0),(551,141,'Numbers',1,9),(552,141,'Material stocks and flows',0,0),(553,142,'Gaining a competitive advantage by differentiating company\'s position',0,0),(554,142,'Setting a positive example for employees which boosts morale and company royalty',0,0),(555,142,'Reduce cost, improve quality, meet customers\' expectations, engage employees, and foster innovative new product. and services.',1,10),(556,142,'Providing a cleaner and healthier work environment',0,1),(557,143,'Greenhouse Gas',1,7),(558,143,'Dust and Particles',0,0),(559,143,'Acid Rain and Smog Precursors',0,0),(560,143,'Water abstraction',0,0),(561,144,'Business performance',0,0),(562,144,'Environmental performance',0,0),(563,144,'Reputation of firms',0,0),(564,144,'Risk profile',0,0),(565,144,'All of above',1,7),(566,145,'TorTri tries hard to study and develop the negative, and positive loops of consuming alcohol drinking, and then comes up with a wonderful solution to address the problem.',0,0),(567,145,'Joe who likes to grow the trees, started to enroll in ecological economy course, and study the platform to help conserve the forest, and solve deforestation problem issue.',0,0),(568,145,'Pete likes to drive motorcycle to pick up a girl. One day he realizes that air pollution on a road can be reduced, so he starts to study the number of CO emission, and impact.',0,0),(569,145,'All above answers are correct.',1,8),(570,146,'Have a competitive advantage',0,0),(571,146,'Happiness & Secure',0,0),(572,146,'Increase healthy workforce',0,0),(573,146,'All of above',1,7),(574,147,'Multiple ways toward early days',0,0),(575,147,'The new convergence',0,0),(576,147,'Budgets shrink, teams grow',0,0),(577,147,'Costs managing, profit making ',1,3),(578,148,'Nike uses Greenhouse Gas Protocol\'s Corporate Value Chain accounting and reporting standard  to review their alternative suppliers  and select those who can reduce the pollution',0,0),(579,148,'Starbucks studies about their package and decides to use the eco-friendly packaging for their products',0,0),(580,148,'Honda uses milk run system in order to decrease the number of transportation which can also lead to CO2 reduction',0,0),(581,148,'Toyota uses JIT system in order to minimize their inventories but it will increase the usage of transportation which will increase CO2 emission ',1,7),(582,148,'None of the above',0,0),(583,149,'Natural capital is the limited stock of Earth’s natural resources that humans depend on for prosperity, security, and well-being',0,0),(584,149,'Natural capital creates value through ecosystem services, the free deliverables provided to business and society',0,0),(585,149,'All of the above',1,5),(586,149,'None of the above',0,0),(587,150,'Increase site taxes on land (empty land) and decrease value added to land (e.g. built factory in rural area)',1,3),(588,150,'Tax on carbon dioxide emission (high carbon, pay hight tax)',0,1),(589,150,'Both are \"Positive Feedback\"',0,0),(590,150,'None of above',0,1),(591,151,'The stimulate approach - those businesses that can leverage their non-core products/services to serve change in the political or economic landscapes.',0,0),(592,151,'The support approach - those firm operating sectors related directly in public services in contexts where the potential exists to develop or improve new one of political capacity.',0,0),(593,151,'The supplement approach - firm in which its activities exclusively enlarge existing governmental efforts or urgent situation.',1,4),(594,151,'The substitute approach - firm who acts as key player working towards public goals, has the proper structure and measures to effectively and to profitability with the public plan',0,0),(595,152,'Building municipal government capacity',0,0),(596,152,'Lobby against internet cencorship',0,0),(597,152,'Building schools and hospitals',1,8),(598,152,'Provision of military service',0,0),(599,153,'Laying physical infrastruture',0,0),(600,153,'Influencing international labor regulations',0,0),(601,153,'Commercial microfinance',1,7),(602,153,'Policing of labor practices',0,0),(603,154,'laws and regulations',0,0),(604,154,'resistance by the public',1,4),(605,154,'negotiations with government',0,0),(606,154,'assuring resistant shareholders',0,0),(607,155,'Green Reporting Innovation',0,0),(608,155,'Global Recession Interconnection',0,0),(609,155,'Global Reporting Initiative',1,6),(610,156,'Stimulate strategy',1,2),(611,156,'Support strategy',0,0),(612,156,'Supplement strategy',0,0),(613,156,'Substitute strategy',0,0),(614,157,'50 %',0,0),(615,157,'60 %',0,0),(616,157,'70 %',1,6),(617,157,'80 %',0,0),(618,158,'Support strategy influences decisions related to public goals and categorizes as non-core operations, for example; influencing on international labor regulations.',0,1),(619,158,'Substitute strategy is scoping on privatization of government services that creates market/revenue opportunities. ',0,0),(620,158,'Supplement strategy benefits company in public relations, for example; building schools and hospitals. It is a core operations.',1,1),(621,158,'Stimulate strategy\'s key challenge is to overcome institutional norms and biases which ideally is because the economic/political infrastructure needs change.',0,0),(622,159,'Because in Developing Countries, there are public problems on lacking of basic infrastructure and services that were left underserved by governments.',0,0),(623,159,'Because doing traditional philanthropy or Corporate Social Responsibility (CSR) Program is no longer enough, they need to play more roles in order to create public welfare.',0,0),(624,159,'The company manages to make their shareholders, stakeholders, and everyone in the society happy because they can create value for their business and the country they operate in.',0,0),(625,159,'All are CORRECT.',1,2),(626,160,'Supplement strategy',0,1),(627,160,'Support strategy',0,0),(628,160,'Substitute strategy',1,5),(629,160,'Stimulate strategy',0,0),(630,161,'Numbers',1,2),(631,161,'Driving positive feedback loops',0,2),(632,161,'Material stocks and flows',0,0),(633,162,'Supplement ',0,0),(634,162,'Support',1,2),(635,162,'Substitute',0,0),(636,162,'Stimulate',0,0),(637,163,'Contain information that is feel-good, extraneous to evaluating a firm\'s sustainability impacts and risks.',0,1),(638,163,'Telling reputational capital stories and providing detailed information.',0,0),(639,163,'Combine conventional financial information along with key sustainability data.',1,5),(640,163,'None at all',0,0),(641,164,'More firms integrate their sustainability reporting with financial reporting',0,0),(642,164,'Further elevating sustainability metrics and performance to the highest reaches of companies',0,0),(643,164,'Disclose auditor report on company\'s financial statement',0,0),(644,164,'All of above',0,1),(645,164,'Only A and B',1,1),(646,165,'\"One species\' waste is another species\' potential business\"\n',1,4),(647,165,'All of us bear the cost of a despoiled and less-resilient world.',0,1),(648,165,'The changing climate forces shifts in the monetary value of resources that companies rely on.',0,0),(649,165,'Business section considers natural resources are free.',0,0),(650,165,'Air and water pollution have not been quantified in monetary terms.',0,0),(651,166,'Something its practitioners pursue for pure love of knowledge.',0,0),(652,166,'it is a goal oriented, and the overall goals to create a more sustainable.',1,2),(653,166,'Something relevant to using the environment efficiently.',0,1),(654,166,'It is wealth of nation\'s ecology.',0,0),(655,167,'Do you see a way to change the goals of your system?',0,0),(656,167,'Do you see any threats to the power of self-organization?',0,0),(657,167,'Do you see any sign of a paradigm shift?',1,0),(658,167,'How could changing the rules help solve your problem?',0,2),(659,168,'Punishment',0,0),(660,168,'Incentives',0,0),(661,168,'Constraints',0,1),(662,168,'All of above',1,3),(663,169,'Where companies are already making public welfare choices on the basis of their own strategic orientation.',0,0),(664,169,'Where the strategies extend or augment already existing governmental public services.',1,3),(665,169,'Where the dependency created in the local community.',0,0),(666,169,'None of above.',0,0),(667,170,'The mindset or Paradigm',0,0),(668,170,'The power of self-organization',0,0),(669,170,'The goals of the system',1,2),(670,170,'Driving positive feed back loops',0,0),(671,171,'To move beyond the often superficial relationships that typically persist in these situation',1,1),(672,171,'To learn about the community',0,0),(673,171,'To educate their stakeholders and put more emphasis on process',0,0),(674,171,'To report more on qualitative issues around the process of engagement, community achievements of self- governance',0,0),(675,172,'CSR always represent public responsibilities only',0,0),(676,172,'CSR is strategy that firms develop to address public in the absence of effective governmental infrastructure or process',1,1),(677,172,'All are correct',0,0),(678,172,'None of the above are correct',0,0),(679,173,'Supplement',1,3),(680,173,'Support',0,0),(681,173,'Substitute',0,0),(682,173,'Stimulate',0,0),(683,174,'Mike Valente',0,0),(684,174,'Steve Jobs',0,0),(685,174,'Andrew Crane',0,0),(686,174,'Bill Gates',1,1),(687,175,'Supplement',0,0),(688,175,'Support',0,0),(689,175,'Substitute',1,1),(690,175,'Stimulate',0,0),(691,176,'Lobby against Internet censorship',0,1),(692,176,'Alternative agricultural system',0,0),(693,176,'Building schools and hospitals',1,0),(694,176,'Commercial microfinance',0,0),(695,177,'Gain local capabilities',0,0),(696,177,'Costs diverted to public service role',0,0),(697,177,'Relinquishes public bodies',0,0),(698,177,'All of above',1,0),(699,178,'Situation of urgency ',0,0),(700,178,'If existing services can be augmented',0,0),(701,178,'Government incapacity',1,0),(702,178,'Threat to competitivness',0,0),(703,179,'Skepticism from social and pubblic groups',0,0),(704,179,'Have to rethink the investment due to  market prices or shareholders pressure',0,0),(705,179,'Resistance to the quasi political role  of the firm',0,0),(706,179,'All of above',1,0),(714,181,'4',1,0),(713,181,'3',0,3),(712,181,'2',0,0),(711,181,'1',0,1),(715,182,'Ok',0,0),(716,182,'Kkkk',1,0),(717,182,'Jj',0,0),(718,182,'M',0,0),(719,183,'God',0,5),(720,183,'Elvis Presley',0,2),(721,183,'42',1,5),(722,183,'10',0,0),(723,184,'Sao Paulo, Brazil, 2014',0,0),(724,184,'Argentina, Brazil, 2013',0,0),(725,184,'Recife, Brazil, 2014',0,1),(726,184,'Rio de Janeiro, Brazil, 2016',1,8),(727,185,'3',0,1),(728,185,'2',1,1),(729,185,'4',0,2),(730,185,'1',0,0),(731,186,'23',0,0),(732,186,'24',0,0),(733,186,'25',0,0),(734,186,'I don\'t know, because it frequently changes...',1,2),(735,187,'100.000.000',0,1),(736,187,'200.000.000',0,0),(737,187,'260.000.000',1,1),(738,187,'500.000.000',0,2),(739,188,'40 minutes',1,1),(740,188,'40 minutos',1,0),(741,188,'2/3 hour',0,3),(742,189,'Palmeiras',0,1),(743,189,'Corinthians',1,2),(744,189,'Santos',0,1),(745,189,'Sao Paulo',0,0),(746,190,'Because  that was Cabral\'s nickname.',0,0),(747,190,'Because that was the name of Cabral\'s dog.',0,1),(748,190,'A name of a tree that existed in the newfound land.',1,4),(749,190,'The name of the Indian chief that Cabral met. ',0,0),(750,191,'13',0,0),(751,191,'17',0,0),(752,191,'16',1,2),(753,191,'14',0,1),(754,192,'Sao Paulo',0,0),(755,192,'Rio de Janeiro',0,0),(756,192,'Amanzonas',0,0),(757,192,'Brasilia',1,3),(758,193,'Brazil',1,1),(759,193,'Japan',0,1),(760,193,'Colombia',0,0),(761,193,'Peru',0,0),(762,193,'South Africa',0,0),(763,193,'Italy',0,0),(764,194,'Buenos Aires',0,0),(765,194,'Sao Paulo',0,1),(766,194,'Brasilia',1,2),(767,194,'Rio de Janeiro',0,0),(768,195,'Sao Paulo',0,1),(769,195,'Buenos Ayres',0,0),(770,195,'Rio de Janeiro',0,0),(771,195,'Brasilia',1,1),(772,196,'25000',0,4),(773,196,'30000',0,1),(774,196,'45000',0,0),(775,196,'50000',1,1),(776,197,'PT',1,6),(777,197,'PSDB',0,0),(778,197,'PSB',0,0),(779,197,'PMDB',0,0),(780,198,'Alfa- Beto',1,2),(781,198,'Construtivista',0,1),(782,198,'Fonico',0,1),(783,198,'Palavra Geradora',0,0),(784,199,'South America',1,4),(785,199,'Europe',0,0),(786,199,'North America',0,0),(787,199,'Asia',0,0),(788,200,'Acre',0,0),(789,200,'Sao Paulo',0,0),(790,200,'Goias',0,0),(791,200,'Amazonas',1,4),(792,201,'desprovido',1,0),(793,201,'sem perceber',0,2),(794,201,'percebido',0,0),(795,201,'despercebido',0,0),(796,202,'100.000.000 people',0,0),(797,202,'190.000.000 people',1,3),(798,202,'50.000.000 people',0,0),(799,202,'1.200.000.000',0,0),(800,203,'100.000.000',0,1),(801,203,'200.000.000',1,1),(802,203,'300.000.000',0,0),(803,203,'400.000.000',0,1),(804,204,'march',1,0),(805,204,'40 days before de easter',1,2),(806,204,'40 days after Christmans',0,0),(807,204,'feb',0,0),(808,205,'Green, yellow, blue and white.',1,2),(809,205,'Green, orange, blue and white.\n',0,0),(810,205,'Blue, yellow, silver and black',0,0),(811,205,'Gray, yellow, blue and silver',0,0),(812,206,'4',0,0),(813,206,'8',0,2),(814,206,'6',0,2),(815,206,'12',1,2),(816,207,'As a guide to sources of reliable information through the noted references',1,1),(817,207,'As a method of critical thinking so that the students can actually spot inacuracies',1,3),(818,207,'As a tool to stimulate curiosity like the game \"6 clicks to Jesus\"',1,2),(819,207,'As an indisputable source of knowledge that can be quoted by any student',0,0),(820,208,'ad hoc',1,4),(821,208,'web version',0,0),(822,209,'1865',1,3),(823,209,'1890',0,0),(824,209,'1910',0,0),(825,210,'buenos aires',0,1),(826,210,'assuncao',0,0),(827,210,'bogota',0,0),(828,210,'rio de janeiro',1,2),(829,211,'5th largest',0,1),(830,211,'12th largest',0,0),(831,211,'11th largest',0,0),(832,211,'7th largest',1,1),(833,212,'China',0,0),(834,212,'franca',1,3),(835,212,'londres',0,0),(836,212,'Sorocaba',0,0),(837,213,'7th',1,1),(838,213,'89th',0,0),(839,213,'1st',0,0),(840,213,'12th',0,0),(841,214,'Rebuilding the school we know',1,2),(842,214,'Giving a cell phone for each student',0,0),(843,214,'Convincing parents and teachers',0,0),(844,215,'Acre',0,0),(845,215,'Roraima',0,0),(846,215,'Tocantins',1,2),(847,215,'Rondonia',0,0),(848,216,'Recife',0,0),(849,216,'Belo Horizonte',0,0),(850,216,'Rio de Janeiro',1,3),(851,216,'Salvador',0,0),(852,217,'Porto Alegre',0,0),(853,217,'Rio de Janeiro',1,0),(854,217,'São Paulo',0,2),(855,217,'Natal ',0,0),(856,218,'Scooby Doo',0,0),(857,218,'Shrek',1,3),(858,218,'The Simpsons',0,0),(859,218,'WoodPecker',0,0),(860,219,'Tarsila do Amaral, Jorge Amado e Clarice Lispector',0,1),(861,219,'Osvald de Andrade, Mario de Andrade e Carlos Drumond de Andrade',0,0),(862,219,'Osvald de Andrade, Graciliano Ramos and Guimaraes Rosa',1,1),(863,220,'A way to express happiness.',1,1),(864,220,'An app developed by Stanford University.',1,0),(865,220,'An app that help people to be happy.',0,0),(866,220,'An app that help students to create ways to make happines',0,0),(867,221,'God',0,0),(868,221,'Elvis Presley',0,0),(869,221,'42',1,0),(870,221,'Truth',0,1),(873,222,'8',1,2),(872,222,'7',0,0),(871,222,'6',0,0),(874,222,'9',0,0),(875,223,'solid',1,1),(876,223,'liquid',1,0),(877,223,'gas',1,0),(878,223,'people',0,1),(879,224,'Stem',0,0),(880,224,'Roots',1,3),(881,224,'Leaves',0,1),(882,224,'Flower',0,0),(883,225,'Habitat',0,0),(884,225,'Attitude',0,0),(885,225,'Environment',1,6),(886,225,'Knowledge',0,0),(887,226,'Steve Jobb',0,0),(888,226,'Tina Turner',0,0),(889,226,'Steve Blank',1,3),(890,226,'Tina Tuna',0,0),(891,227,'A business that able to generate incomes',0,1),(892,227,'A business that able to work day by day',0,0),(893,227,'A business that able to work consecutively next five days',1,4),(894,227,'A business that able to maximize profits',0,2),(895,228,'1',0,0),(896,228,'2',0,0),(897,228,'3',1,1),(898,228,'4',0,4),(899,229,'A. School',0,0),(900,229,'B. School',0,0),(901,229,'C. School',0,0),(902,229,'D. School',1,8),(903,230,'questions that have only one answer',1,6),(904,230,'questions that have a solution but that can have infinite approaches',0,0),(905,230,'Questions that don\'t have any answer',0,0),(906,230,'Questions with groups of answers',0,0),(907,231,'Able to generate income more than investment',0,0),(908,231,'Able to expand business',0,0),(909,231,'Able to diversify product lines',0,0),(910,231,'All of the above',1,3),(911,232,'knowledge',0,0),(912,232,'Imagination',0,0),(913,232,'Culture',0,0),(914,232,'All of above',1,3),(915,233,'Some may be intellectual entitiy.',0,0),(916,233,'Smart Mobile Intelligent Learning Enforcement',0,0),(917,233,'Stanford Mobile Inquiry-based Learning Environment',1,4),(918,233,'Send Me International Loan Ehhh',0,0),(919,234,'Habitat',0,0),(920,234,'Knowledge',1,3),(921,234,'Attitude',0,0),(922,234,'None of above',0,0),(923,235,'1',0,0),(924,235,'5',0,0),(925,235,'9',0,0),(926,235,'Infinity',1,8),(927,236,'4100',1,7),(928,236,'1400',0,0),(929,236,'2400',0,0),(930,236,'4600',0,0),(931,237,'Allows students to create, share, answer, and evaluate questions in a collaborative manner through the use of cell phones.',0,0),(932,237,'Their classmates answer those questions, and evaluate them based on their difficulty.',0,1),(933,237,'Despite reaching out to poor and particularly rural communities around the world, the team have striven to use as many already-existing resources as possible.',0,0),(934,237,'Help senior adult develop their writing skill.',1,1),(935,238,'Challenge the assumptions',0,0),(936,238,'Reframing the problem',0,0),(937,238,'Connect and Combine',0,2),(938,238,'2 of above are correct',0,0),(939,238,'All of above are correct',1,3),(940,239,'The more you know the business, the more you will get the profit.',0,0),(941,239,'The more you learn about your venture capital, the more you will get the venture money',0,1),(942,239,'The more you learn to grow organic, the more you will get the higher productivity',0,0),(943,239,'All of above',1,2),(944,240,'You have $10 and you buy $1.5 bottle of water.  How many change do you get?',0,2),(945,240,'If I want to study at Stanford by next 5 years, what should I do?',0,0),(946,240,'What is the meaning of XING of the road?',1,2),(947,240,'How can SMILE prevent itself from imitation?',0,0),(956,243,'Teaching',0,0),(948,241,'Launch product to market',0,0),(949,241,'Start to make prototype quickly',1,4),(950,241,'Get feedback from customers',0,2),(951,241,'Test prototype',0,1),(952,242,'John has a lot of knowledge but he does not think outside the box',0,0),(953,242,'Joe enjoys working in the cubical space',0,0),(954,242,'James is a pessimistic person',0,0),(955,242,'Jake enjoys sharing knowledge with his friends',1,6),(957,243,'Coaching',0,0),(958,243,'Mentoring',1,3),(959,243,'All of above',0,1),(960,244,'Culture',0,0),(961,244,'Habitat',0,0),(962,244,'Attitude',0,0),(963,244,'Teamwork',1,6),(964,245,'Giving back to young entrepreneurs',0,0),(965,245,'Competitors help each other',0,0),(966,245,'Sharing secret information',1,2),(967,245,'Failing is experience',0,1),(968,246,'who teach you at school',0,0),(969,246,'who teach you some specific skill',0,0),(970,246,'who care about you and follow you until you succeed',1,5),(971,246,'All of the above',0,0),(980,249,'Imagination',0,0),(972,247,'Time',0,0),(973,247,'Cost',0,0),(974,247,'Perfection',1,3),(975,247,'Effective',0,0),(976,248,'The best way to create customer development is to  go out of the building and get insight. ',0,0),(977,248,'Collect as much as data of customers to develop product.',1,1),(978,248,'Problems or needs are the basic learning to develop customer development process.',0,0),(979,248,'Your assumption is not the way to develop product.',0,1),(981,249,'Attitude',1,5),(982,249,'Resource',0,1),(983,249,'Knowledge',0,0),(984,250,'Wasabi',0,0),(985,250,'Shibuya',0,0),(986,250,'Chindogu',1,3),(987,250,'Kisho',0,1),(988,251,'Challenging assumptions',0,1),(989,251,'Utilising resources',0,1),(990,251,'Mix and match',1,3),(991,251,'Reframing problems',0,0),(992,252,'Tor',1,2),(993,252,'Natty',0,0),(994,252,'Pat',0,0),(995,252,'Farang',0,1),(996,253,'Habitat',1,1),(997,253,'Attitude',1,0),(998,253,'Environment',0,0),(999,253,'Logistic',0,0),(1000,254,'??????? Puzzle ????',1,0),(1001,254,'??????????????????????????????',0,0),(1002,254,'????????????????????????????????????????????????',0,0),(1003,254,'?????????????',0,0),(1004,255,'Banana',0,1),(1005,255,'Mango',0,1),(1006,255,'Human',1,5),(1007,256,'Eardrum',0,1),(1008,256,'Stirrup',0,2),(1009,256,'Cochlea',0,3),(1010,256,'Anvil \n',0,1),(1011,256,'Hammer',1,4),(1012,257,'Phagocytosis',0,1),(1013,257,'Apoptosis',1,4),(1014,257,'CellularSuicideis',0,4),(1015,257,'Endocytosis',0,0),(1016,258,'Yes',0,0),(1017,258,'No',0,1),(1018,258,'No idea, but flarp is awesome',1,8),(1019,259,'carry nutrients around the cell ',0,0),(1020,259,'build proteins ',1,5),(1021,259,'store fat and lipids',0,1),(1022,259,'make you breathe',0,2),(1023,260,'Most',1,2),(1024,260,'All',0,2),(1025,260,'Some',0,0),(1026,260,'None',0,0),(1027,260,'NOOOOOOO, THEY HAVE TENTACLES',0,1),(1028,260,'Kevin\'s hot',0,2),(1029,261,'Men',0,3),(1030,261,'Women',1,2),(1031,261,'OH GOD HELP ME ALVINS CHEWING HIS TEETH LIKE GUM!',1,0),(1032,261,'My cat\'s dead',1,1),(1033,261,'DERPABURGER',1,0),(1034,261,'NOOOOOOOOOO THEY HAVE TENTACLES TOO!',1,0),(1035,262,'Stapes bone',0,3),(1036,262,'Hyoid bone',1,0),(1037,262,'Patella',0,2),(1038,262,'Cranium',0,2),(1039,263,'Between 4 and 5 in.',0,2),(1040,263,'Between 6 and 7 in.',0,0),(1041,263,'Between 8 and 9 in.',0,1),(1042,263,'Between 10 and 11 in.',1,3),(1043,264,'Fire-type and Water-type',0,1),(1044,264,'Pikachu and Piplup',0,0),(1045,264,'Mammals and Reptiles',0,0),(1046,264,'Eukaryotic and Prokaryotic',1,6),(1047,265,'269',0,0),(1048,265,'226',0,0),(1049,265,'206',1,4),(1050,265,'210',0,3),(1051,266,'Smell',0,0),(1052,266,'Hearing',0,0),(1053,266,'Eyeing',0,0),(1054,266,'Sight',1,4),(1055,266,'Taste',0,0),(1056,266,'Feel',0,0),(1057,267,'magic',0,0),(1058,267,'they can taste the object',0,0),(1059,267,'they have primitive \"eyes\" sensors that detect shadows',1,1),(1060,267,'they can detect living objects with electrical sensors',0,2),(1061,267,'they don\'t live where objects are common',0,0),(1062,268,'Focus light',0,1),(1063,268,'Let in light',1,3),(1064,268,'Change light to an impulse',0,0),(1065,268,'Refract light',0,1),(1066,268,'Make your vision blurry',0,1),(1067,268,'Give the eye its shape ',0,0),(1068,269,'Digestive System',1,5),(1069,269,'Respiratory System',0,0),(1070,269,'Circulatory System',0,0),(1071,269,'Excretory System',0,0),(1072,270,'Mudkip',0,3),(1073,270,'Bulbasaur',1,2),(1074,270,'Charmander',0,0),(1075,271,'HUVYTVGYGIOUFGYHIPUG(:GOUHOU',1,0),(1076,271,'IVY:LTUYIYV:BOUOUCTUYFTUVFTU',1,2),(1077,271,'T&*R&(FO&*F*FYYFFG&*Y',0,2),(1078,271,'t78Y*^&Y*^D%SG&(DR^TY*U&^D%S&*Y(F^&D%FG(H*',1,0),(1087,274,'Troll face',0,1),(1079,272,'cornea',0,0),(1080,272,'iris',0,0),(1081,272,'lens',1,3),(1082,272,'flarp',0,0),(1083,272,'anvil',0,0),(1084,272,'nose',0,0),(1095,276,'retina',0,2),(1085,273,'True',1,4),(1086,273,'False',0,0),(1088,274,'Samarth',1,2),(1089,274,'Fubbidy Chango',0,0),(1090,274,'Forever Alone',0,1),(1091,275,'they consume detritus',0,0),(1092,275,'they catch organisms with anemone-like tentacles',0,1),(1093,275,'they consume sugar produced by special algaes (zooxanthellae) that live in their cells, which photosynthesize from the sun.',1,3),(1094,275,'magic.',0,2),(1096,276,'choroid',0,2),(1097,276,'sclera',0,0),(1098,276,'fovea',1,1),(1099,277,'seeds',0,3),(1100,277,'bulbs',1,2),(1101,277,'Other bananas',0,1),(1102,278,'bottom feeding fish, stingrays, sharks',0,1),(1103,278,'seals, whales, dolphins, sea lions, otters\n',0,0),(1104,278,'Tuna, Salmon, Mackerel, haddock, cod, toothfish, and other oceanic cool-water fishes',0,1),(1105,278,'all the above',1,3),(1106,279,'KEVIN\'SHOT',1,0),(1107,279,'KEVIN\'S HOT',1,1),(1108,279,'Kevin\'s HOt',1,2),(1109,279,'KEVIN\'SHOT',0,1),(1114,281,'Math',0,2),(1110,280,'WHY',1,1),(1111,280,'Why',1,5),(1112,280,'WHY',1,0),(1113,280,'WHy',0,0),(1115,281,'Alvin On',0,2),(1116,281,'Alvin On\'s Alter EGO',1,1),(1117,281,'Alex Sun',0,1),(1118,282,'DUH CAALLF MUSKOW',1,2),(1119,282,'abs',0,0),(1120,282,'calf',0,1),(1121,282,'pecs',0,1),(1122,283,'Human',1,2),(1123,283,'Mango',0,0),(1124,283,'Banana',0,1),(1125,284,'Hammer',1,2),(1126,284,'Eardrum',0,0),(1127,284,'Stirrup',0,0),(1128,284,'Cochlea',0,2),(1129,284,'Anvil \n',0,1),(1130,285,'Phagocytosis',0,0),(1131,285,'Endocytosis',0,2),(1132,285,'CellularSuicideis',0,1),(1133,285,'Apoptosis',1,2),(1134,286,'No idea, but flarp is awesome',1,2),(1135,286,'Yes',0,0),(1136,286,'No',0,1),(1137,287,'make you breathe',0,0),(1138,287,'store fat and lipids',0,1),(1139,287,'carry nutrients around the cell ',0,0),(1140,287,'build proteins ',1,2),(1141,288,'None',0,0),(1142,288,'Some',0,0),(1143,288,'NOOOOOOO, THEY HAVE TENTACLES',0,0),(1144,288,'All',0,1),(1145,288,'Kevin\'s hot',0,0),(1146,288,'Most',1,2),(1147,289,'NOOOOOOOOOO THEY HAVE TENTACLES TOO!',1,0),(1148,289,'DERPABURGER',1,0),(1149,289,'Women',1,1),(1150,289,'My cat\'s dead',1,0),(1151,289,'Men',0,1),(1152,289,'OH GOD HELP ME ALVINS CHEWING HIS TEETH LIKE GUM!',1,0),(1153,290,'Stapes bone',0,0),(1154,290,'Cranium',0,1),(1155,290,'Patella',0,0),(1156,290,'Hyoid bone',1,1),(1157,291,'Between 10 and 11 in.',1,0),(1158,291,'Between 6 and 7 in.',0,0),(1159,291,'Between 4 and 5 in.',0,0),(1160,291,'Between 8 and 9 in.',0,0),(1161,292,'Fire-type and Water-type',0,1),(1162,292,'Eukaryotic and Prokaryotic',1,1),(1163,292,'Mammals and Reptiles',0,0),(1164,292,'Pikachu and Piplup',0,0),(1165,293,'206',1,1),(1166,293,'210',0,0),(1167,293,'226',0,0),(1168,293,'269',0,1),(1169,294,'Hearing',0,0),(1170,294,'Taste',0,0),(1171,294,'Sight',1,2),(1172,294,'Eyeing',0,0),(1173,294,'Feel',0,0),(1174,294,'Smell',0,0),(1175,295,'they can detect living objects with electrical sensors',0,0),(1176,295,'they can taste the object',0,0),(1177,295,'they have primitive \"eyes\" sensors that detect shadows',1,1),(1178,295,'they don\'t live where objects are common',0,0),(1179,295,'magic',0,1),(1180,296,'Refract light',0,0),(1181,296,'Make your vision blurry',0,0),(1182,296,'Focus light',0,0),(1183,296,'Give the eye its shape ',0,0),(1184,296,'Change light to an impulse',0,1),(1185,296,'Let in light',1,2),(1186,297,'Digestive System',1,3),(1187,297,'Circulatory System',0,0),(1188,297,'Respiratory System',0,0),(1189,297,'Excretory System',0,0),(1190,298,'Mudkip',1,2),(1191,298,'Charmander',1,1),(1192,298,'Bulbasaur',0,1),(1193,299,'HUVYTVGYGIOUFGYHIPUG(:GOUHOU',1,1),(1194,299,'IVY:LTUYIYV:BOUOUCTUYFTUVFTU',1,0),(1195,299,'T&*R&(FO&*F*FYYFFG&*Y',0,1),(1196,299,'t78Y*^&Y*^D%SG&(DR^TY*U&^D%S&*Y(F^&D%FG(H*',1,0),(1197,300,'cornea',0,0),(1198,300,'flarp',0,0),(1199,300,'nose',0,0),(1200,300,'lens',1,1),(1201,300,'anvil',0,0),(1202,300,'iris',0,1),(1203,301,'False',0,0),(1204,301,'True',1,3),(1205,302,'Samarth',1,1),(1206,302,'Fubbidy Chango',0,0),(1207,302,'Troll face',0,0),(1208,302,'Forever Alone',0,0),(1209,303,'magic.',0,1),(1210,303,'they consume sugar produced by special algaes (zooxanthellae) that live in their cells, which photosynthesize from the sun.',1,1),(1211,303,'they catch organisms with anemone-like tentacles',0,0),(1212,303,'they consume detritus',0,0),(1213,304,'fovea',1,1),(1214,304,'choroid',0,1),(1215,304,'retina',0,0),(1216,304,'sclera',0,0),(1217,305,'bulbs',1,0),(1218,305,'Other bananas',0,0),(1219,305,'seeds',0,1),(1220,306,'all the above',1,1),(1221,306,'bottom feeding fish, stingrays, sharks',0,0),(1222,306,'seals, whales, dolphins, sea lions, otters\n',0,1),(1223,306,'Tuna, Salmon, Mackerel, haddock, cod, toothfish, and other oceanic cool-water fishes',0,0),(1224,307,'KEVIN\'SHOT',0,0),(1225,307,'Kevin\'s HOt',1,0),(1226,307,'KEVIN\'SHOT',1,1),(1227,307,'KEVIN\'S HOT',1,1),(1228,308,'WHY',1,1),(1229,308,'WHY',1,0),(1230,308,'WHy',0,0),(1231,308,'Why',1,0),(1232,309,'Math',0,0),(1233,309,'Alex Sun',0,0),(1234,309,'Alvin On',0,2),(1235,309,'Alvin On\'s Alter EGO',1,1),(1236,310,'pecs',0,0),(1237,310,'abs',0,0),(1238,310,'calf',0,1),(1239,310,'DUH CAALLF MUSKOW',1,1),(1240,311,'Fubbidy Chango fubbidychango.blogspot.com',1,1),(1241,311,'Flarpity Banjo',0,3),(1242,312,'BANANANANANANANANANANANANANANANANANANANANANANANANANANANANANANANANANANANANANANANANANANANANANANANANANANANANANANANANANANANANANANANANANANANANANANANANANANANANANANANANANANANANANANANANANA',1,0),(1243,312,'BANANANANAnANANANANANANANANANANANANANANANANANANANANANANANANANANANANANANANANANANANANANANANANANANANANANANANANANANANANANANANANANANANANANANANANANANANANANANANANANANANANANANANANANANANAN',0,2),(1244,312,'BanANANANANANANANANANANANANANANANANANANANANANANANANANANANANANANANANANANANANANANANANANANANANANANANANANANANANANANANANANANANANANANANANANANANANANANANANANANANANANANANANANANANANANANANANA',0,0),(1245,312,'bananaANANANANANANANANANANANANANANANANANANANANANANANANANANANANANANANANANANANANANANANANANANANANANANANANANANANANANANANANANANANANANANANANANANANANANANANANANANANANANANANANANANANANANANAN',0,1),(1246,313,'yes',1,0),(1247,313,'no',0,1),(1248,313,'kinda',0,0),(1249,313,'flhadkshjflghjalfjkandshkkl;fl',0,0),(1250,314,'fubbidy',1,1),(1251,314,'chango',0,0),(1252,314,'banana',1,0),(1253,314,'qinqin',1,0),(1254,315,'Protein',1,0),(1255,315,'Carbohydrate',0,0),(1256,315,'Nucleic Acids',0,0),(1257,315,'Sugar',0,0),(1258,316,'Change in entropy is negative, change in enthalpy is negative',1,1),(1259,316,'Change in entropy is negative, change in enthalpy is positive',0,0),(1260,316,'Change in entropy is positive, change in enthalpy is negative',0,2),(1261,316,'Change in entropy is positive, change in enthalpy is positive',0,0),(1262,317,'7',0,0),(1263,317,'10',0,3),(1264,317,'14',1,0),(1265,317,'16',0,0),(1266,318,'0',0,1),(1267,318,'-40',1,2),(1268,318,'40',0,0),(1269,318,'451.4',0,0),(1270,319,'1.00',0,1),(1271,319,'3.33',0,0),(1272,319,'16.7',1,0),(1273,319,'0.0600',0,0),(1274,320,'NH4Cl',0,0),(1275,320,'KNO3',0,2),(1276,320,'Na2S',0,0),(1277,320,'AgBr',1,1),(1278,321,'Switch in your Blissey/Jellicent because Volcarona is a special attacker.',0,1),(1279,321,'Use Draco Meteor again and again to wear it down.',0,0),(1280,321,'Switch to something bulky with Roar, or even better, Whimsicott.',1,0),(1281,321,'Set up Stealth Rock, since Smogon says that\'s the most important thing to do right now.',0,2),(1282,322,'From zinc to copper, and oxidation takes place at the zinc plate',0,2),(1283,322,'From zinc to copper, and oxidation takes place at the copper plate',0,0),(1284,322,'From copper to zinc, and oxidation takes place at the copper plate',0,0),(1285,322,'From copper to zinc, and oxidation takes place at the zinc plate',1,0),(1286,322,'\"Wait, could you define current again?\"',0,1),(1295,325,'Speed/height',0,0),(1296,325,'Mass/volume',1,5),(1297,325,'Mass/surface area',0,0),(1298,325,'Number of atoms/molecular weight',0,0),(1299,326,'HCL',0,0),(1300,326,'HNO3',0,0),(1301,326,'HI',0,3),(1302,326,'HCN',1,2),(1303,327,'Covalent',0,0),(1304,327,'Metallic',0,0),(1305,327,'Ionic',1,4),(1306,328,'8.788',1,0),(1307,328,'5.212',0,3),(1308,328,'6.1438',0,2),(1309,328,'7.8562',0,0),(1310,329,'Regigigas',0,2),(1311,329,'Marowak',0,1),(1312,329,'Ozymandias',1,1),(1313,329,'Shelley',0,0),(1314,330,'6',0,1),(1315,330,'8',0,3),(1316,330,'10',1,0),(1317,330,'14',0,0),(1318,331,'Copper',0,0),(1319,331,'Cesium',0,3),(1320,331,'Cobalt',0,0),(1321,331,'Cerium',1,1),(1322,332,'-111 degrees Celsius',0,1),(1323,332,'-114 degrees Celsius',1,2),(1324,332,'-117 degrees Celsius',0,1),(1325,332,'-120 degrees Celsius',0,0),(1326,333,'14g',0,1),(1327,333,'21g',0,1),(1328,333,'28g',1,1),(1329,333,'35g',0,1),(1330,334,'banana',1,0),(1331,334,'bAnana',0,0),(1332,334,'baNana',0,2),(1333,334,'banAna',0,0),(1334,335,'4 c/g',1,1),(1335,335,'5 c/g',0,0),(1336,335,'6 c/g',0,1),(1337,335,'7 c/g',0,0),(1338,336,'banana',1,0),(1339,336,'human ',0,2),(1340,336,'mango',0,0),(1341,336,'homo neanderthal',0,0),(1342,337,'mudkip',1,3),(1343,337,'charmander',0,0),(1344,337,'bulbasaur',0,0),(1345,337,'banana',0,0),(1346,338,'banana',0,1),(1347,338,'banana',1,0),(1348,339,'Battery Acid',0,1),(1349,339,'BLOOD',0,0),(1350,339,'Gastric Acid',1,1),(1351,339,'Lysosomes',0,0),(1352,340,'As a formula for juvenile animals',0,0),(1353,340,'As a cleanser for everyday surfaces',0,0),(1354,340,'To drink as an everyday beverage',0,0),(1355,340,'To neutralize stomach acid',1,2),(1356,341,'independance day',1,0),(1357,341,'pearl harbor',0,0),(1358,341,'Alamo ',0,0),(1359,341,'birthday',0,0),(1360,342,'5',1,1),(1361,342,'1',0,0),(1362,342,'6',0,0),(1363,342,'12',0,0),(1364,343,'February',0,1),(1365,343,'May',0,0),(1366,343,'September',1,0),(1367,343,'October',0,0),(1368,344,'Methanol',0,0),(1369,344,'Propanol',0,0),(1370,344,'Ethanol',1,0),(1371,344,'Butanol',0,0),(1372,345,'GTP',0,0),(1373,345,'NADPH',1,0),(1374,345,'NADH',0,0),(1375,345,'QH2',0,0),(1376,345,'CO2',0,0),(1377,345,'ATP',0,0),(1378,346,'Yes',1,0),(1379,346,'No',0,0),(1380,346,'Let\'s take this knife and find out...',0,0),(1381,347,'The yeast all DIE immediately (evil laugh).',0,0),(1382,347,'Nothing.',0,0),(1383,347,'OMG OMG OMG IT\'S SO BUBBLY!!!!',1,0),(1384,348,'resources',0,0),(1385,348,'access',0,0),(1386,348,'context',0,0),(1387,348,'all the above',1,1),(1388,349,'Kandel',1,1),(1389,349,'Maslow',0,0),(1390,349,'Cisnero',0,0),(1391,349,'Winrow',0,0),(1392,350,'Eradicate poverty and end all disease ',0,1),(1393,350,'Reduce child mortality and promote economic growth',0,0),(1394,350,'Create safe water sources and centralized education ',0,0),(1395,350,'Promote gender equality and develop global partnership',1,0),(1396,351,'adapting best standards',0,0),(1397,351,'benchmarking',0,0),(1398,351,'bracketing bias',0,0),(1399,351,'all of the above',1,1),(1400,352,'Economic rationalism ',0,0),(1401,352,'Human capital theory',1,1),(1402,352,'Education reform theory',0,0),(1403,352,'Neoliberal pedagogy ',0,0);
/*!40000 ALTER TABLE `QuestionAnswer` ENABLE KEYS */;
UNLOCK TABLES;

--
-- Table structure for table `QuestionComment`
--

DROP TABLE IF EXISTS `QuestionComment`;
SET @saved_cs_client     = @@character_set_client;
SET character_set_client = utf8;
CREATE TABLE `QuestionComment` (
  `id` int(10) unsigned NOT NULL auto_increment,
  `user_id` int(10) unsigned NOT NULL,
  `question_id` int(10) unsigned NOT NULL,
  `createdOn` datetime default NULL,
  `commentText` varchar(255) default '',
  PRIMARY KEY  (`id`)
) ENGINE=MyISAM AUTO_INCREMENT=106 DEFAULT CHARSET=utf8;
SET character_set_client = @saved_cs_client;

--
-- Dumping data for table `QuestionComment`
--

LOCK TABLES `QuestionComment` WRITE;
/*!40000 ALTER TABLE `QuestionComment` DISABLE KEYS */;
INSERT INTO `QuestionComment` VALUES (1,1,13,'2013-03-01 10:48:28','First two answers are the same!'),(2,5,9,'2013-03-01 10:51:50','Hmmm picture is nice but is not related to the question...'),(3,2,11,'2013-03-01 10:51:57','What is another mathematical symbol for performing the same function?'),(4,1,22,'2013-03-01 11:07:44','Easy!'),(5,5,40,'2013-03-06 09:18:54','I see two possible correct answers. '),(6,5,21,'2013-03-07 10:31:27','hey I see possible two correct answers'),(7,1,30,'2013-03-12 13:44:58','Cool~!'),(8,1,30,'2013-03-12 13:45:17','Height of comment 255 characters. Height of comment 255 characters. Height of comment 255 characters. Height of comment 255 characters. Height of comment 255 characters. Height of '),(9,1,30,'2013-03-12 13:45:25','Height of comment 255 characters. Height of comment 255 characters. Height of comment 255 characters. Height of comment 255 characters. Height of comment 255 characters. Height of '),(10,34,14,'2013-03-13 11:48:37','Awesome!'),(11,5,30,'2013-03-13 11:56:52','Can\'t view the video'),(12,5,15,'2013-03-13 11:57:12','Too easy...'),(13,32,81,'2013-03-15 02:10:40','hard to understand have to interpratate'),(14,55,145,'2013-03-16 09:12:30','Like !!!'),(15,63,145,'2013-03-16 10:14:10','I was about to be seduced to choose answer B, but what is right, it\'s right.'),(16,83,15,'2013-03-21 10:08:26','8'),(17,85,218,'2013-03-21 10:34:36','It is an abstract and personal question'),(18,75,196,'2013-03-21 10:36:44','26mil de according com Martin'),(19,85,214,'2013-03-21 10:37:13','The three answers are important'),(20,5,221,'2013-03-21 10:37:43','interesting question..  do we really know the answer to this?'),(21,5,184,'2013-03-27 09:33:39','summer olympic games or winter??'),(22,5,183,'2013-03-27 09:35:49','Do we really know the answer to this question? I mean.. it can be all different for every individual. '),(23,5,181,'2013-03-27 09:36:05','Test question?'),(24,5,45,'2013-03-27 09:36:39','Perhaps forgot to include a picture?'),(25,5,52,'2013-03-27 09:37:02','Interesting fact!'),(26,1,183,'2013-03-27 09:48:59','The answer is 42, but what is the question?'),(27,1,33,'2013-03-27 14:22:16','Nice question'),(28,1,184,'2013-03-27 14:24:29','Interesting, I didn\'t know Brazil was next in line'),(29,1,181,'2013-03-27 14:24:43','adminQ?'),(30,1,84,'2013-03-27 14:25:54','China is a large importer of many resources'),(31,1,55,'2013-03-27 14:26:55','It\'s interesting that many people feel that pedagogy is the most common missing element from education technology tools.'),(33,41,228,'2013-04-09 09:43:05','Is it 4? http://en.wikipedia.org/wiki/Steve_Blank'),(34,40,226,'2013-04-09 09:54:59','Start up Question . . . . '),(35,45,227,'2013-04-09 10:02:42',' repeatable business model that a company can apply to new products and markets over and over again to generate sustained growth.\n\nhttp://hbr.org/2011/11/the-great-repeatable-busin'),(36,63,226,'2013-04-09 10:04:32','What have I done?\n\nreally have no idea the questions are going up on the screen T_T'),(37,59,227,'2013-04-09 10:09:21','\"Like\"'),(38,36,241,'2013-04-09 10:17:42','Isn\'t that the first step is to learn about identifying problems and the needs of your customers?'),(39,102,223,'2013-04-09 15:41:32','there are 3 correct answers'),(40,105,256,'2013-04-09 15:47:37','good job\n'),(41,110,261,'2013-04-09 15:53:57','EHEHAHHAHDHWOH!!'),(42,102,255,'2013-04-09 15:59:59','WE ARE MANGO. gosh.'),(43,102,279,'2013-04-09 16:00:32','i got this right! its the 3rd option'),(44,102,277,'2013-04-09 16:01:06','bananas have tiny seeds'),(45,106,279,'2013-04-09 16:01:07','What the heck?'),(46,107,279,'2013-04-09 16:01:10','He is not hot\n'),(47,105,279,'2013-04-09 16:01:12','booo'),(48,102,276,'2013-04-09 16:01:19','what is this one?'),(49,102,181,'2013-04-09 16:02:43','this is an ad'),(50,106,258,'2013-04-09 16:02:56','Oh flarp.'),(51,106,255,'2013-04-09 16:03:07','But I\'m a banana!'),(52,106,255,'2013-04-09 16:03:15','Not.'),(53,106,256,'2013-04-09 16:03:26','Clicking random answers...'),(54,106,257,'2013-04-09 16:03:43','Oops, I accidentally clicked the wrong rating...'),(55,102,280,'2013-04-09 16:03:44','flaaaaaaaaaaaaaaaarp'),(56,106,260,'2013-04-09 16:04:11','How am I walking?'),(57,102,278,'2013-04-09 16:04:13','fubbidy chango banana qinqin hobo chicken cow retarded fungible flibbertigibbet blargh Eric cow porkface smudge quack flarp shutyourbutt bangaloo pig trash can hobo turkey pig Tana'),(58,102,279,'2013-04-09 16:04:17','fubbidy chango banana qinqin hobo chicken cow retarded fungible flibbertigibbet blargh Eric cow porkface smudge quack flarp shutyourbutt bangaloo pig trash can hobo turkey pig Tana'),(59,106,267,'2013-04-09 16:04:53','It\'s magic. Duh. Lol!'),(60,102,279,'2013-04-09 16:04:56','y cheese lazy harp seal jar of dirt doinji backpack flarpasaurus cookie flap-a-donkey-butt meh flubb Reed sandvich avocado bleach bloop dodo fartochondria blob Elliot papaya compou'),(61,102,278,'2013-04-09 16:05:14','y cheese lazy harp seal jar of dirt doinji backpack flarpasaurus cookie flap-a-donkey-butt meh flubb Reed sandvich avocado bleach bloop dodo fartochondria blob Elliot papaya compou'),(62,102,275,'2013-04-09 16:05:31','y cheese lazy harp seal jar of dirt doinji backpack flarpasaurus cookie flap-a-donkey-butt meh flubb Reed sandvich avocado bleach bloop dodo fartochondria blob Elliot papaya compou'),(63,106,271,'2013-04-09 16:05:38','Oh more gibberish.'),(64,104,267,'2013-04-09 16:05:54','well, biology is magic.'),(65,102,273,'2013-04-09 16:06:27','nd sucks larkey glob platooey spatoola'),(66,102,273,'2013-04-09 16:06:36','y cheese lazy harp seal jar of dirt doinji backpack flarpasaurus cookie flap-a-donkey-butt meh flubb Reed sandvich avocado bleach bloop dodo fartochondria blob Elliot papaya compou'),(67,102,273,'2013-04-09 16:06:48','fubbidy chango banana qinqin hobo chicken cow retarded fungible flibbertigibbet blargh Eric cow porkface smudge quack flarp shutyourbutt bangaloo pig trash can hobo turkey pig Tan'),(68,104,274,'2013-04-09 16:07:10','\'dis sucks'),(69,106,281,'2013-04-09 16:07:26','You\'re so mean, Eric...'),(70,106,280,'2013-04-09 16:07:35','I dunno.'),(71,106,278,'2013-04-09 16:08:53','Random answers again...'),(72,102,271,'2013-04-09 16:09:00','DID I GET THE ONLY WRONG ANSWER?!?!?!?!?!?!?'),(73,106,278,'2013-04-09 16:09:02','They eat dolphins? Awww.....'),(74,107,274,'2013-04-09 16:10:17','https://sites.google.com/site/samarthgv/\n'),(75,106,256,'2013-04-09 16:10:22','Hammer.'),(76,106,256,'2013-04-09 16:11:34','Nice username'),(77,104,255,'2013-04-09 16:11:50','neither. I\'m a squid.'),(78,104,263,'2013-04-09 16:12:02','waaflez'),(79,106,257,'2013-04-09 16:12:15','It was supposed to be 5 stars! Darn...'),(80,106,259,'2013-04-09 16:13:15','I likes polypeptides.'),(81,106,257,'2013-04-09 16:14:19','Apoptosis.'),(82,106,311,'2013-04-09 16:18:57','Fubbidy Chango is better than Flarpity Banjo.'),(83,106,313,'2013-04-09 18:14:33','maybe'),(84,106,315,'2013-04-09 18:14:55','You can probably tell by guessing.'),(85,106,315,'2013-04-09 18:15:26','If anyone figures this out without looking it up anywhere or guessing, I\'ll be surprised.'),(86,106,314,'2013-04-09 18:15:54','?'),(87,114,286,'2013-04-09 21:17:30','I should have known that the Internet was the wrong place to search for intelligent life on this planet.'),(88,114,289,'2013-04-09 21:18:11','So you\'re trolling those with scientific knowledge'),(89,114,299,'2013-04-11 16:48:31','too easy\n'),(90,114,7,'2013-04-11 16:51:15','badge get??'),(91,114,21,'2013-04-11 16:59:17','I recommend a day of bed rest and no alcoholic drinks within a 48-hour period\n'),(92,114,15,'2013-04-11 17:01:30','And this is the thinking we associate with Stanford\n'),(93,114,184,'2013-04-11 17:04:26','where and when are going to happen the next olimpic games\nhas anyone really been far even as decided to use even go want to do look more like\nwhat\'s 3+4'),(94,114,306,'2013-04-11 17:06:27','see you in court'),(95,106,330,'2013-04-11 20:37:01','a.k.a. how many chemical reactions in glycolysis'),(96,106,267,'2013-04-11 20:42:50','Haha, good point.'),(97,106,335,'2013-04-13 15:43:27','Why?'),(98,106,223,'2013-04-13 15:56:28','Yeah.'),(99,106,340,'2013-04-13 16:08:25','Whoops, forgot the \"of\"'),(100,106,286,'2013-04-13 16:16:04','Lol, isn\'t that obvious?'),(101,102,336,'2013-04-13 20:50:30','i THINK i am human'),(102,102,338,'2013-04-13 20:50:40','darn...'),(103,105,337,'2013-04-13 22:15:56','MAAAHHHDDDKKEEEEPPPP FTW!!!!'),(104,106,345,'2013-04-15 16:32:29','Yes it\'s chemistry!'),(105,181,336,'2013-04-17 00:35:06','i hope i  was a banana.');
